לֶאֱבוֹד,le'ev(o)d
לְהֵיאָבֵד,lehe'av(e)d
לְאַבֵּד,le'ab(e)d
לְהִתְאַבֵּד,lehit'ab(e)d
לְהַאֲבִיד,leha'av(i)d
לְאַבְחֵן,le'avH(e)n
לְאַבְטֵחַ,le'avt(e)aH
לֶאֱבוֹת,le'ev(o)t
לֶאֱבוֹל,le'ev(o)l
לְהִתְאַבֵּל,lehit'ab(e)l
לְהִתְאַבֵּן,lehit'ab(e)n
לְאַבֵּן,le'ab(e)n
לְהַאֲבִיס,leha'av(i)s
לְהֵיאָבֵק,lehe'av(e)k
לְאַבֵּק,le'ab(e)k
לְהִתְאַבֵּק,lehit'ab(e)k
לְהִתְאַבֵּק,lehit'ab(e)k
לְהַאֲבִיק,leha'av(i)k
לֶאֱגוֹד,le'eg(o)d
לְאַגֵּד,le'ag(e)d
לְהֵיאָגֵד,lehe'ag(e)d
לְהִתְאַגֵּד,lehit'ag(e)d
לֶאֱגוֹף,le'eg(o)f
לְאַגֵּף,le'ag(e)f
לֶאֱגוֹר,le'eg(o)R
לְהִתְאַגְרֵף,lehit'agR(e)f
לְהִתְאַדּוֹת,lehit'ad(o)t
לְאַדּוֹת,le'ad(o)t
לְהַאֲדִים,leha'ad(i)m
לֶאֱהוֹב,le'eh(o)v
לְהִתְאַהֵב,lehit'ah(e)v
לְהֵיאָהֵב,lehe'ah(e)v
לֶאֱהוֹד,le'eh(o)d
לֶאֱהוֹהַּ,le'eh(o)a
לְהָאִיט,leha'(i)t
לְאַוּוֹת,le'av(o)t
לְהִתְאַוּוֹת,lehit'av(o)t
לָאוּץ,la'(u)tz
לְהָאִיץ,leha'(i)tz
לְהָאִיר,leha'(i)R
לְאַווְרֵר,le'avR(e)R
לְהִתְאַווְרֵר,lehit'avR(e)R
לְאַווְשֵׁשׁ,le'avx(e)x
לְהֵיאוֹת,lehe'(o)t
לְאוֹתֵת,le'ot(e)t
לְאַזְכֵּר,le'azk(e)R
לֶאֱזוֹל,le'ez(o)l
לְהַאֲזִין,leha'az(i)n
לְאַזֵּן,le'az(e)n
לְהִתְאַזֵּן,lehit'az(e)n
לֶאֱזוֹק,le'ez(o)k
לְהִתְאַזֵּר,lehit'az(e)R
לֶאֱזוֹר,le'ez(o)R
לְאַחֵד,le'aH(e)d
לְהִתְאַחֵד,lehit'aH(e)d
לְהַאֲחִיד,leha'aH(i)d
לֶאֱחוֹז,le'eH(o)z
לְהֵיאָחֵז,lehe'aH(e)z
לְאַחוֹת,le'aH(o)t
לְהִתְאַחוֹת,lehit'aH(o)t
לְאַחֵל,le'aH(e)l
לְאַחְסֵן,le'aHs(e)n
לְאַחֵר,le'aH(e)R
לְהִתְאַחֵר,lehit'aH(e)R
לְהָאֵט,leha'(e)t
לֶאֱטוֹם,le'et(o)m
לְהֵיאָטֵם,lehe'at(e)m
לְאַייֵּד,le'ay(e)d
לְאַייֵּם,le'ay(e)m
לְאַייֵּן,le'ay(e)n
לְאַייֵּר,le'ay(e)R
לְאַייֵּשׁ,le'ay(e)x
לְאַייֵּת,le'ay(e)t
לְאַכְזֵב,le'aHz(e)v
לְהִתְאַכְזֵב,lehit'aHz(e)v
לְהִתְאַכְזֵר,lehit'aHz(e)R
לֶאֱכוֹל,le'eH(o)l
לְהֵיאָכֵל,lehe'aH(e)l
לְאַכֵּל,le'ak(e)l
לְהַאֲכִיל,leha'aH(i)l
לְאַכְלֵס,le'aHl(e)s
לְאַכְסֵן,le'aHs(e)n
לְהִתְאַכְסֵן,lehit'aHs(e)n
לֶאֱכוֹף,le'eH(o)f
לְהֵיאָכֵף,lehe'aH(e)f
לְאַלְחֵשׁ,le'alH(e)x
לְהֵיאָלֵם,lehe'al(e)m
לְהִתְאַלְמֵן,lehit'alm(e)n
לְאַלֵּף,le'al(e)f
לְהֵיאָלֵץ,lehe'al(e)tz
לְאַלֵּץ,le'al(e)tz
לְאַלְתֵּר,le'alt(e)R
לֶאֱמוֹד,le'em(o)d
לְהֵיאָמֵד,lehe'am(e)d
לְאַמְלֵל,le'aml(e)l
לְהֵיאָמֵן,lehe'am(e)n
לְהַאֲמִין,leha'am(i)n
לְהִתְאַמֵּן,lehit'am(e)n
לְאַמֵּן,le'am(e)n
לְאַמֵּץ,le'am(e)tz
לְהִתְאַמֵּץ,lehit'am(e)tz
לֶאֱמוֹץ,le'em(o)tz
לְהֵיאָמֵר,lehe'am(e)R
לְהַאֲמִיר,leha'am(i)R
לוֹמַר,lom(a)R
לְאַמֵּת,le'am(e)t
לְהִתְאַמֵּת,lehit'am(e)t
לְהֵיאָנֵחַ,lehe'an(e)aH
לְהִתְאַנֵּחַ,lehit'an(e)aH
לְאַנּוֹת,le'an(o)t
לְהִתְאַנּוֹת,lehit'an(o)t
לְהִתְאוֹנֵן,lehit'on(e)n
לְאוֹנֵן,le'on(e)n
לֶאֱנוֹס,le'en(o)s
לְהֵיאָנֵס,lehe'an(e)s
לְהֵיאָנֵק,lehe'an(e)k
לְהִתְאַסְלֵם,lehit'asl(e)m
לְהֵיאָסֵף,lehe'as(e)f
לְהִתְאַסֵּף,lehit'as(e)f
לֶאֱסוֹף,le'es(o)f
לְהֵיאָסֵר,lehe'as(e)R
לֶאֱסוֹר,le'es(o)R
לְהֵיאָפוֹת,lehe'af(o)t
לֶאֱפוֹת,le'ef(o)t
לְאַפְייֵן,le'afy(e)n
לְהִתְאַפְייֵן,lehit'afy(e)n
לְהַאֲפִיל,leha'af(i)l
לְאַפְנֵן,le'afn(e)n
לֶאֱפוֹס,le'ef(o)s
לְאַפֵּס,le'ap(e)s
לְהִתְאַפֵּס,lehit'ap(e)s
לֶאֱפוֹף,le'ef(o)f
לְהִתְאַפֵּק,lehit'ap(e)k
לְהַאֲפִיר,leha'af(i)R
לְאַפֵּר,le'ap(e)R
לְהִתְאַפֵּר,lehit'ap(e)R
לְהִתְאַפְשֵׁר,lehit'afx(e)R
לְאַפְשֵׁר,le'afx(e)R
לְהַאֲצִיל,leha'atz(i)l
לֶאֱצוֹר,le'etz(o)R
לְהִתְאַקְלֵם,lehit'akl(e)m
לֶאֱרוֹב,le'eR(o)v
לֶאֱרוֹג,le'eR(o)g
לְהֵיאָרֵג,lehe'aR(e)g
לְאַרְגֵּן,le'aRg(e)n
לְהִתְאַרְגֵּן,lehit'aRg(e)n
לֶאֱרוֹז,le'eR(o)z
לְהֵיאָרֵז,lehe'aR(e)z
לְאָרֵחַ,le'aR(e)aH
לְהִתְאָרֵחַ,lehit'aR(e)aH
לֶאֱרוֹת,le'eR(o)t
לֶאֱרוֹךְ,le'eR(o)H
לְהַאֲרִיךְ,leha'aR(i)H
לְהִתְאָרֵךְ,lehit'aR(e)H
לְהִתְאָרֵס,lehit'aR(e)s
לְאָרֵס,le'aR(e)s
לְאָרֵעַ,le'aR(e)a
לְהַאֲרִיק,leha'aR(i)k
לְאָרֵר,le'aR(e)R
לָאוֹר,la'(o)R
לְהַאֲשִׁים,leha'ax(i)m
לְהֵיאָשֵׁם,lehe'ax(e)m
לֶאְשׁוֹם,le'ex(o)m
לְאַשְׁפֵּז,le'axp(e)z
לְהִתְאַשְׁפֵּז,lehit'axp(e)z
לְאַשֵּׁר,le'ax(e)R
לְהִתְאוֹשֵׁשׁ,lehit'ox(e)x
לְאוֹשֵׁשׁ,le'ox(e)x
לְאַשֵּׁשׁ,le'ax(e)x
לְהִתְאוֹשֵׁשׁ,lehit'ox(e)x
לְאַתְגֵּר,le'atg(e)R
לְאַתְחֵל,le'atH(e)l
לְאַתֵּר,le'at(e)R
לְבַאֵס,leva'(e)s
לְהִתְבָּאֵס,lehitba'(e)s
לְבָאֵר,leva'(e)R
לְהִתְבָּאֵר,lehitba'(e)R
לִבְאוֹשׁ,liv'(o)x
לְהִיבָּגֵד,lehibag(e)d
לִבְגּוֹד,livg(o)d
לְהִתְבַּגֵּר,lehitbag(e)R
לִבְגּוֹר,livg(o)R
לִבְדּוֹא,livd(o)
לְבוֹדֵד,levod(e)d
לְהִתְבּוֹדֵד,lehitbod(e)d
לְבַדֵּד,levad(e)d
לְבַדֵּחַ,levad(e)aH
לְהִתְבַּדֵּחַ,lehitbad(e)aH
לִבְדּוֹת,livd(o)t
לְהִיבָּדוֹת,lehibad(o)t
לְבַדּוֹת,levad(o)t
לְהִיבָּדֵל,lehibad(e)l
לְהַבְדִּיל,lehavd(i)l
לְבַדֵּל,levad(e)l
לְהִתְבַּדֵּל,lehitbad(e)l
לִבְדּוֹק,livd(o)k
לְהִיבָּדֵק,lehibad(e)k
לְבַדֵּר,levad(e)R
לְהִתְבַּדֵּר,lehitbad(e)R
לִבְהוֹת,livh(o)t
לְהִיבָּהֵל,lehibah(e)l
לְהַבְהִיל,lehavh(i)l
לְהַבְהִיל,lehavh(i)l
לִבְהוֹל,livh(o)l
לִבְהוֹק,livh(o)k
לְהַבְהִיק,lehavh(i)k
לְהִתְבַּהֵר,lehitbah(e)R
לְהַבְהִיר,lehavh(i)R
לָבוֹא,lav(o)
לְהָבִיא,lehav(i)
לָבוּז,lav(u)z
לְהָבִיךְ,lehav(i)H
לְהִיבּוֹךְ,lehib(o)H
לְהִתְבּוֹסֵס,lehitbos(e)s
לְהָבִיס,lehav(i)s
לְבוֹשֵׁשׁ,levox(e)x
לֵבוֹשׁ,lev(o)x
לְבַזְבֵּז,levazb(e)z
לְהִתְבַּזְבֵּז,lehitbazb(e)z
לִבְזוֹז,livz(o)z
לְבַזּוֹת,levaz(o)t
לְהִתְבַּזּוֹת,lehitbaz(o)t
לִבְזוֹק,livz(o)k
לְהַבְזִיק,lehavz(i)k
לְבַזֵּר,levaz(e)R
לִבְחוֹל,livH(o)l
לְהַבְחִיל,lehavH(i)l
לִבְחוֹן,livH(o)n
לְהַבְחִין,lehavH(i)n
לְהִיבָּחֵן,lehibaH(e)n
לִבְחוֹר,livH(o)R
לְהִיבָּחֵר,lehibaH(e)R
לִבְחוֹשׁ,livH(o)x
לְהִתְבַּטֵּא,lehitbat(e)
לְבַטֵּא,levat(e)
לִבְטוֹחַ,livt(o)aH
לְבַטֵּחַ,levat(e)aH
לְהַבְטִיחַ,lehavt(i)aH
לְבַטֵּל,levat(e)l
לְהִתְבַּטֵּל,lehitbat(e)l
לִבְטוֹל,livt(o)l
לְהִתְבַּטֵּל,lehitbat(e)l
לְבַייֵּל,levay(e)l
לְבַייֵּם,levay(e)m
לְהָבִין,lehav(i)n
לְבוֹנֵן,levon(e)n
לְבַייֵּן,levay(e)n
לְהִתְבּוֹנֵן,lehitbon(e)n
לְבַייֵּץ,levay(e)tz
לְהִתְבַּייֵּשׁ,lehitbay(e)x
לְבַייֵּשׁ,levay(e)x
לְהִתְבַּייֵּת,lehitbay(e)t
לְבַייֵּת,levay(e)t
לִבְכּוֹת,livk(o)t
לְבַכּוֹת,levak(o)t
לְהִתְבַּכְייֵן,lehitbaHy(e)n
לְהַבְכִּיר,lehavk(i)R
לְבַלְבֵּל,levalb(e)l
לְהִתְבַּלְבֵּל,lehitbalb(e)l
לְהַבְלִיג,lehavl(i)g
לְהִתְבַּלְגֵּן,lehitbalg(e)n
לְבַלְגֵּן,levalg(e)n
לְהַבְלִיחַ,lehavl(i)aH
לִבְלוֹט,livl(o)t
לְהַבְלִיט,lehavl(i)t
לְהִתְבַּלֵּט,lehitbal(e)t
לְהִתְבַּלּוֹת,lehitbal(o)t
לִבְלוֹת,livl(o)t
לְבַלּוֹת,leval(o)t
לְהִתְבּוֹלֵל,lehitbol(e)l
לִבְלוֹל,livl(o)l
לְהִיבָּלֵם,lehibal(e)m
לִבְלוֹם,livl(o)m
לִבְלוֹעַ,livl(o)a
לְהִיבָּלֵעַ,lehibal(e)a
לְבַּלֵף,lebal(e)f
לִבְלוֹשׁ,livl(o)x
לִבְנוֹת,livn(o)t
לְהִיבָּנוֹת,lehiban(o)t
לְהַבְנוֹת,lehavn(o)t
לְבַסֵּס,levas(e)s
לְהִתְבַּסֵּס,lehitbas(e)s
לְבַעְבֵּעַ,leva'ab(e)a
לִבְעוֹט,liv'(o)t
לְהִיבָּעֵט,lehiba'(e)t
לְהִיבָּעוֹת,lehiba'(o)t
לִבְעוֹל,liv'(o)l
לִבְעוֹר,liv'(o)R
לְהַבְעִיר,lehav'(i)R
לְבַעֵר,leva'(e)R
לְהִיבָּעֵת,lehiba'(e)t
לְהַבְעִית,lehav'(i)t
לְבַצְבֵּץ,levatzb(e)tz
לְבַצֵּעַ,levatz(e)a
לְהִתְבַּצֵּעַ,lehitbatz(e)a
לִבְצוֹעַ,livtz(o)a
לְהִיבָּצֵעַ,lehibatz(e)a
לְבַצֵּר,levatz(e)R
לְהִתְבַּצֵּר,lehitbatz(e)R
לְהִיבָּצֵר,lehibatz(e)R
לִבְצוֹר,livtz(o)R
לִבְקוֹעַ,livk(o)a
לְבַקֵּעַ,levak(e)a
לְהִיבָּקֵעַ,lehibak(e)a
לְהִתְבַּקֵּעַ,lehitbak(e)a
לְהַבְקִיעַ,lehavk(i)a
לְבַקֵּר,levak(e)R
לְבַקֵּשׁ,levak(e)x
לְהִתְבַּקֵּשׁ,lehitbak(e)x
לִבְרוֹא,livR(o)
לְהִיבָּרֵא,lehibaR(e)
לְהַבְרִיא,lehavR(i)
לְבָרֵא,levaR(e)
לְבַרְבֵּר,levaRb(e)R
לְהִתְבַּרְבֵּר,lehitbaRb(e)R
לְהַבְרִיג,lehavR(i)g
לְהִתְבָּרֵג,lehitbaR(e)g
לְהַבְרִיז,lehavR(i)z
לִבְרוֹחַ,livR(o)aH
לְהַבְרִיחַ,lehavR(i)aH
לְהִתְבַּרְייֵן,lehitbaRy(e)n
לְבָרֵךְ,levaR(e)H
לְהִתְבָּרֵךְ,lehitbaR(e)H
לְהַבְרִיק,lehavR(i)k
לִבְרוֹק,livR(o)k
לְבָרֵר,levaR(e)R
לְהִתְבָּרֵר,lehitbaR(e)R
לָבוֹר,lav(o)R
מוּבְרָר,muvR(a)R
לְהַבְרִישׁ,lehavR(i)x
לִבְשׁוֹל,livx(o)l
לְבַשֵּׁל,levax(e)l
לְהַבְשִׁיל,lehavx(i)l
לְהִתְבַּשֵּׁל,lehitbax(e)l
לְבַשֵּׂם,levas(e)m
לְהִתְבַּשֵּׂם,lehitbas(e)m
לְבַשֵּׂר,levas(e)R
לְהִתְבַּשֵּׂר,lehitbas(e)R
לְבַתֵּק,levat(e)k
לְבַתֵּר,levat(e)R
לִגְאוֹת,lig'(o)t
לְהִתְגָּאוֹת,lehitga'(o)t
לִגְאוֹל,lig'(o)l
לְהִיגָּאֵל,lehiga'(e)l
לְגַבֵּב,legab(e)v
לִגְבּוֹהַּ,ligb(o)a
לְהַגְבִּיהַּ,lehagb(i)a
לִגְבּוֹת,ligb(o)t
לְגַבּוֹת,legab(o)t
לְהִיגָּבוֹת,lehigav(o)t
לְהַגְבִּיל,lehagb(i)l
לִגְבּוֹל,ligb(o)l
לְגַבֵּל,legab(e)l
לְגַבֵּס,legab(e)s
לִגְבּוֹר,ligb(o)R
לְהַגְבִּיר,lehagb(i)R
לְהִתְגַּבֵּר,lehitgab(e)R
לְגַבֵּשׁ,legab(e)x
לְהִתְגַּבֵּשׁ,lehitgab(e)x
לְגַגֵּל,legag(e)l
לְהִתְגּוֹדֵד,lehitgod(e)d
לִגְדּוֹד,ligd(o)d
לְהַגְדִּיל,lehagd(i)l
לִגְדּוֹל,ligd(o)l
לְגַדֵּל,legad(e)l
לִגְדּוֹם,ligd(o)m
לְהִיגָּדֵם,lehigad(e)m
לִגְדּוֹעַ,ligd(o)a
לְהִיגָּדֵעַ,lehigad(e)a
לְגַדֵּף,legad(e)f
לְגַדֵּר,legad(e)R
לְהַגְדִּיר,lehagd(i)R
לִגְדּוֹר,ligd(o)R
לְהִתְגַּדֵּר,lehitgad(e)R
לְהַגְדִּישׁ,lehagd(i)x
לְהַגְדִּישׁ,lehagd(i)x
לִגְדּוֹשׁ,ligd(o)x
לְגַהֵץ,legah(e)tz
לְגַהֵק,legah(e)k
לִגְהוֹר,ligh(o)R
לְהָגִיב,lehag(i)v
לָגוּז,lag(u)z
לְהִיגּוֹז,lehig(o)z
לְגַווֵּן,legav(e)n
לִגְווֹעַ,ligv(o)a
לְהָגִיף,lehag(i)f
לָגוּר,lag(u)R
לְהִתְגּוֹרֵר,lehitgoR(e)R
לִגְזוֹז,ligz(o)z
לְהִיגָּזֵז,lehigaz(e)z
לִגְזוֹל,ligz(o)l
לְהִיגָּזֵל,lehigaz(e)l
לִגְזוֹם,ligz(o)m
לְהִיגָּזֵם,lehigaz(e)m
לְהַגְזִים,lehagz(i)m
לְהִיגָּזֵר,lehigaz(e)R
לִגְזוֹר,ligz(o)R
לִגְחוֹךְ,ligH(o)H
לְגַחֵךְ,legaH(e)H
לְהַגְחִיךְ,lehagH(i)H
לִגְחוֹל,ligH(o)l
לִגְחוֹן,ligH(o)n
לְהָגִיחַ,lehag(i)aH
לָגִיחַ,lag(i)aH
לָגִיל,lag(i)l
לְגַייֵּס,legay(e)s
לְהִתְגַּייֵּס,lehitgay(e)s
לְגַייֵּר,legay(e)R
לְהִתְגַּייֵּר,lehitgay(e)R
לְגַלְגֵּל,legalg(e)l
לְהִתְגַּלְגֵּל,lehitgalg(e)l
לְהַגְלִיד,lehagl(i)d
לְגַלֵּחַ,legal(e)aH
לְהִתְגַּלֵּחַ,lehitgal(e)aH
לְגַלּוֹת,legal(o)t
לִגְלוֹת,ligl(o)t
לְהִיגָּלוֹת,lehigal(o)t
לְהַגְלוֹת,lehagl(o)t
לְהִתְגַּלּוֹת,lehitgal(o)t
לְגוֹלֵל,legol(e)l
לְהִתְגּוֹלֵל,lehitgol(e)l
לִגְלוֹל,ligl(o)l
לְהִיגּוֹל,lehig(o)l
לְגַלֵּם,legal(e)m
לְהִתְגַּלֵּם,lehitgal(e)m
לְהִתְגַּלֵּעַ,lehitgal(e)a
לְגַלֵּף,legal(e)f
לִגְלוֹשׁ,ligl(o)x
לְהִתְגַּלֵּשׁ,lehitgal(e)x
לִגְמוֹא,ligm(o)
לְגַמְגֵּם,legamg(e)m
לְגַמֵּד,legam(e)d
לְהִתְגַּמֵּד,lehitgam(e)d
לִגְמוֹז,ligm(o)z
לְהִיגָּמֵל,lehigam(e)l
לִגְמוֹל,ligm(o)l
לִגְמוֹר,ligm(o)R
לְהִיגָּמֵר,lehigam(e)R
לְהַגְמִישׁ,lehagm(i)x
לִגְנוֹב,lign(o)v
לְהִיגָּנֵב,lehigan(e)v
לְהַגְנִיב,lehagn(i)v
לְהִתְגַּנֵּב,lehitgan(e)v
לְגַנְדֵּר,legand(e)R
לְהִתְגַּנְדֵּר,lehitgand(e)R
לְהִיגָּנֵז,lehigan(e)z
לִגְנוֹז,lign(o)z
לִגְנוֹחַ,lign(o)aH
לְגַנּוֹת,legan(o)t
לְגוֹנֵן,legon(e)n
לְהִתְגּוֹנֵן,lehitgon(e)n
לְהָגֵן,lehag(e)n
לָגוֹן,lag(o)n
לְגַנֵּן,legan(e)n
לִגְסוֹס,ligs(o)s
לְגַעְגֵּעַ,lega'ag(e)a
לְהִתְגַּעְגֵּעַ,lehitga'ag(e)a
לִגְעוֹת,lig'(o)t
לְהַגְעִיל,lehag'(i)l
לִגְעוֹל,lig'(o)l
לִגְעוֹר,lig'(o)R
לִגְעוֹשׁ,lig'(o)x
לְגַפֵּף,legap(e)f
לִגְרוֹב,ligR(o)v
לְגַרְגֵּר,legaRg(e)R
לְגָרֵד,legaR(e)d
לְהִתְגָּרֵד,lehitgaR(e)d
לְגָרֵז,legaR(e)z
לְגָרוֹת,legaR(o)t
לְהִתְגָּרוֹת,lehitgaR(o)t
לְהַגְרִיל,lehagR(i)l
לְהִיגָּרֵם,lehigaR(e)m
לִגְרוֹם,ligR(o)m
לְהִיגָּרֵס,lehigaR(e)s
לִגְרוֹס,ligR(o)s
לִגְרוֹעַ,ligR(o)a
לְהִיגָּרֵעַ,lehigaR(e)a
לִגְרוֹף,ligR(o)f
לְהִיגָּרֵף,lehigaR(e)f
לְגָרֵף,legaR(e)f
לְהִיגָּרֵר,lehigaR(e)R
לְגָרֵר,legaR(e)R
לִגְרוֹר,ligR(o)R
לְגָרֵשׁ,legaR(e)x
לְהִתְגָּרֵשׁ,lehitgaR(e)x
לְהַגְשִׁים,lehagx(i)m
לְהִתְגַּשֵּׁם,lehitgax(e)m
לְגַשֵּׁר,legax(e)R
לִגְשׁוֹר,ligx(o)R
לְגַשֵּׁשׁ,legax(e)x
לְהִתְגּוֹשֵׁשׁ,lehitgox(e)x
לִדְאוֹב,lid'(o)v
לִדְאוֹג,lid'(o)g
לְהַדְאִיג,lehad'(i)g
לִדְאוֹת,lid'(o)t
לְדוֹבֵב,ledov(e)v
לְדַבֵּב,ledab(e)v
לִדְבּוֹב,lidb(o)v
לְדַבְלֵל,ledavl(e)l
לִדְבּוֹק,lidb(o)k
לְהִידָּבֵק,lehidav(e)k
לְהַדְבִּיק,lehadb(i)k
לְדַבֵּר,ledab(e)R
לְהַדְבִּיר,lehadb(i)R
לְהִידָּבֵר,lehidav(e)R
לְהִידַּבֵּר,lehidab(e)R
לְדַגְדֵּג,ledagd(e)g
לִדְגּוֹל,lidg(o)l
לְהַדְגִּים,lehadg(i)m
לִדְגּוֹם,lidg(o)m
לִדְגּוֹר,lidg(o)R
לְהַדְגִּישׁ,lehadg(i)x
לִדְהוֹת,lidh(o)t
לְהַדְהוֹת,lehadh(o)t
לְהִידָּהֵם,lehidah(e)m
לְהַדְהִים,lehadh(i)m
לִדְהוֹר,lidh(o)R
לָדוּג,lad(u)g
לְדַווֵּחַ,ledav(e)aH
לְהָדִיחַ,lehad(i)aH
לִדְווֹת,lidv(o)t
לָדוּן,lad(u)n
לְהִידּוֹן,lehid(o)n
לָדוּר,lad(u)R
לָדוּשׁ,lad(u)x
לְדַווֵּשׁ,ledav(e)x
לְהִידָּחוֹת,lehidaH(o)t
לִדְחוֹת,lidH(o)t
לִדְחוֹס,lidH(o)s
לִדְחוֹף,lidH(o)f
לְהִידָּחֵף,lehidaH(e)f
לִדְחוֹק,lidH(o)k
לְהִידָּחֵק,lehidaH(e)k
לְהַדְחִיק,lehadH(i)k
לְהִידַּייֵּן,lehiday(e)n
לְדַייֵּק,leday(e)k
לְדַכֵּא,ledak(e)
לִדְלוֹג,lidl(o)g
לְדַלֵּג,ledal(e)g
לְדַלְדֵּל,ledald(e)l
לְהִידַּלְדֵּל,lehidald(e)l
לִדְלוֹת,lidl(o)t
לְדַלּוֹת,ledal(o)t
לְדַלֵּל,ledal(e)l
דַּל,d(a)l
לְהַדְלִיף,lehadl(i)f
לִדְלוֹף,lidl(o)f
לְהִידָּלֵק,lehidal(e)k
לְהַדְלִיק,lehadl(i)k
לִדְלוֹק,lidl(o)k
לְדַמְדֵּם,ledamd(e)m
לִדְמוֹת,lidm(o)t
לְהִידָּמוֹת,lehidam(o)t
לְדַמּוֹת,ledam(o)t
לְהַדְמוֹת,lehadm(o)t
לְהִידַּמּוֹת,lehidam(o)t
לְדַמְייֵן,ledamy(e)n
לְהִידּוֹם,lehid(o)m
לְדַמֵּם,ledam(e)m
לָדוֹם,lad(o)m
לִדְמוֹעַ,lidm(o)a
לְדַסְקֵס,ledask(e)s
לִדְעוֹךְ,lid'(o)H
לְדַפְדֵּף,ledafd(e)f
לְהַדְפִּיס,lehadp(i)s
לְהִידָּפֵס,lehidaf(e)s
לְהִידָּפֵק,lehidaf(e)k
לִדְפּוֹק,lidp(o)k
לְהִתְדַּפֵּק,lehitdap(e)k
לְדַקְדֵּק,ledakd(e)k
לְדַקְלֵם,ledakl(e)m
לִדְקוֹר,lidk(o)R
לְהִידָּקֵר,lehidak(e)R
לְדַרְבֵּן,ledaRb(e)n
לְדָרֵג,ledaR(e)g
לְדַרְדֵּר,ledaRd(e)R
לְהִידַּרְדֵּר,lehidaRd(e)R
לְהִידָּרֵךְ,lehidaR(e)H
לְהַדְרִיךְ,lehadR(i)H
לִדְרוֹךְ,lidR(o)H
לְהִידָּרֵךְ,lehidaR(e)H
לְהַדְרִים,lehadR(i)m
לְהִידָּרֵס,lehidaR(e)s
לִדְרוֹס,lidR(o)s
לְהִידָּרֵשׁ,lehidaR(e)x
לִדְרוֹשׁ,lidR(o)x
לְדַשְׁדֵּשׁ,ledaxd(e)x
לְדַשֵּׁן,ledax(e)n
לְהַבְהֵב,lehavh(e)v
לְהַהְבִּיל,lehahb(i)l
לַהֲגוֹת,lahag(o)t
לְהֵיהָגוֹת,lehehag(o)t
לְהַגֵּר,lehag(e)R
לְהַדְהֵד,lehadh(e)d
לַהֲדוֹף,lahad(o)f
לְהַדֵּק,lehad(e)k
לְהִתְהַדֵּק,lehithad(e)k
לְהִתְהַדֵּר,lehithad(e)R
לְהַדֵּר,lehad(e)R
לַהֲדוֹר,lahad(o)R
לְהַוּוֹת,lehav(o)t
לְהִתְהַוּוֹת,lehithav(o)t
לְהַווֵּן,lehav(e)n
לַהֲזוֹת,lahaz(o)t
לִהְיוֹת,lihy(o)t
נִהְיָה,nihy(a)
לָלֶכֶת,lal(e)Het
לְהַלֵּךְ,lehal(e)H
לְהִתְהַלֵּךְ,lehithal(e)H
לְהַלֵּל,lehal(e)l
לְהִתְהַלֵּל,lehithal(e)l
לְהָהֵל,lehah(e)l
לַהֲלוֹם,lahal(o)m
לַהֲלוֹם,lahal(o)m
לְהַמְהֵם,lehamh(e)m
לְהַמּוֹת,leham(o)t
לַהֲמוֹת,laham(o)t
לָהוֹם,lah(o)m
לְהַמֵּם,leham(e)m
לְהַמֵּר,leham(e)R
לְהַנְדֵּס,lehand(e)s
לְהַנְהֵן,lehanh(e)n
לֵיהָנוֹת,lehan(o)t
לְהַסּוֹת,lehas(o)t
לְהַסֵּס,lehas(e)s
לְהִתְהַפֵּךְ,lehithap(e)H
לַהֲפוֹךְ,lahaf(o)H
לְהֵיהָפֵךְ,lehehaf(e)H
לְהַפְּנֵט,lehapn(e)t
לַהֲרוֹג,lahaR(o)g
לְהֵיהָרֵג,lehehaR(e)g
לְהַרְהֵר,lehaRh(e)R
לַהֲרוֹת,lahaR(o)t
לְהֵיהָרֵס,lehehaR(e)s
לַהֲרוֹס,lahaR(o)s
לְהַתֵּל,lehat(e)l
לְווַדֵּא,levad(e)
לְהִתְווַדּוֹת,lehitvad(o)t
לְהִתְווַדֵּעַ,lehitvad(e)a
לְהִתְווַכֵּחַ,lehitvak(e)aH
לְהוֹלִיךְ,lehol(i)H
לְווַסֵּת,levas(e)t
לְהַווְרִיד,lehavR(i)d
לְווַתֵּר,levat(e)R
לִזְבּוֹחַ,lizb(o)aH
לְזַבֵּחַ,lezab(e)aH
לְהִיזָּבֵחַ,lehizav(e)aH
לְזַבֵּל,lezab(e)l
לְזַגְזֵג,lezagz(e)g
לְהַזְהִיב,lehazh(i)v
לְזַהוֹת,lezah(o)t
לְהִזְדַּהוֹת,lehizdah(o)t
לְזַהֵם,lezah(e)m
לְהִזְדַּהֵם,lehizdah(e)m
לִזְהוֹר,lizh(o)R
לְהַזְהִיר,lehazh(i)R
לְהִיזָּהֵר,lehizah(e)R
לָזוּב,laz(u)v
לְזַווֵּג,lezav(e)g
לְהִזְדַּווֵּג,lehizdav(e)g
לְזַווֵּד,lezav(e)d
לָזוּד,laz(u)d
לָזוּז,laz(u)z
לְהָזִיז,lehaz(i)z
לָזוּחַ,laz(u)aH
לְהָזִין,lehaz(i)n
לְהִיזּוֹן,lehiz(o)n
לָזוּן,laz(u)n
לְהָזִיעַ,lehaz(i)a
לָזוּעַ,laz(u)a
לְהִיזּוֹר,lehiz(o)R
לְזַווֵּת,lezav(e)t
לְהִזְדַּחֵל,lehizdaH(e)l
לִזְחוֹל,lizH(o)l
לְהָזִיד,lehaz(i)d
לְהִזְדַּייֵּן,lehizday(e)n
לְזַייֵּן,lezay(e)n
לְזַייֵּף,lezay(e)f
לִזְכּוֹת,lizk(o)t
לְזַכּוֹת,lezak(o)t
לִזְכּוֹר,lizk(o)R
לְהַזְכִּיר,lehazk(i)R
לְהִיזָּכֵר,lehizaH(e)R
לִזְלוֹג,lizl(o)g
לְזַלְזֵל,lezalz(e)l
לִזְלוֹל,lizl(o)l
לְהַזְלִיף,lehazl(i)f
לְזַמְזֵם,lezamz(e)m
לְהָזִים,lehaz(i)m
לִזְמוֹם,lizm(o)m
לְזַמֵּן,lezam(e)n
לְהַזְמִין,lehazm(i)n
לְהִזְדַּמֵּן,lehizdam(e)n
לְזַמֵּר,lezam(e)R
לִזְמוֹר,lizm(o)R
לְזַנֵּב,lezan(e)v
לְהִזְדַּנֵּב,lehizdan(e)v
לִזְנוֹחַ,lizn(o)aH
לְהַזְנִיחַ,lehazn(i)aH
לִזְנוֹת,lizn(o)t
לְזַנּוֹת,lezan(o)t
לְזַנֵּק,lezan(e)k
לְהַזְנִיק,lehazn(i)k
לְזַעְזֵעַ,leza'az(e)a
לְהִזְדַּעְזֵעַ,lehizda'az(e)a
לִזְעוֹם,liz'(o)m
לְהִיזָּעֵם,lehiza'(e)m
לִזְעוֹף,liz'(o)f
לְהַזְעִיף,lehaz'(i)f
לְהַזְעִיק,lehaz'(i)k
לִזְעוֹק,liz'(o)k
לְהִזְדַּעֵק,lehizda'(e)k
לְזַעֵר,leza'(e)R
לְזַפֵּת,lezap(e)t
לְהִזְדַּקֵּן,lehizdak(e)n
לְהַזְקִין,lehazk(i)n
זָקֵן,zak(e)n
לְהִיזָּקֵף,lehizak(e)f
לְהִזְדַּקֵּף,lehizdak(e)f
לִזְקוֹף,lizk(o)f
לְזַקֵּק,lezak(e)k
לְהִיזָּקֵק,lehizak(e)k
לְהִזְדַּקֵּק,lehizdak(e)k
לְהַזְקִיק,lehazk(i)k
לְהִזְדַּקֵּר,lehizdak(e)R
לְזַרְגֵּג,lezaRg(e)g
לְזָרֵז,lezaR(e)z
לְהִזְדָּרֵז,lehizdaR(e)z
לְזַרְזֵף,lezaRz(e)f
לִזְרוֹחַ,lizR(o)aH
לִזְרוֹת,lizR(o)t
לְהִיזָּרוֹת,lehizaR(o)t
לְהַזְרִים,lehazR(i)m
לִזְרוֹם,lizR(o)m
לִזְרוֹעַ,lizR(o)a
לְהִיזָּרֵעַ,lehizaR(e)a
לִזְרוֹק,lizR(o)k
לְהִיזָּרֵק,lehizaR(e)k
לְהַזְרִיק,lehazR(i)k
לְהֵיחָבֵא,leheHav(e)
לְהִתְחַבֵּא,lehitHab(e)
לְהַחְבִּיא,lehaHb(i)
לְחַבֵּב,leHab(e)v
לַחְבּוֹב,laHb(o)v
לְהִתְחַבֵּב,lehitHab(e)v
לַחְבּוֹט,laHb(o)t
לְהֵיחָבֵט,leheHav(e)t
לְהִתְחַבֵּט,lehitHab(e)t
לְחַבֵּל,leHab(e)l
לְהֵיחָבֵל,leheHav(e)l
לַחְבּוֹל,laHb(o)l
לְחַבֵּק,leHab(e)k
לַחְבּוֹק,laHb(o)k
לְהִתְחַבֵּק,lehitHab(e)k
לְהַחְבִּיר,lehaHb(i)R
לְחַבֵּר,leHab(e)R
לְהִתְחַבֵּר,lehitHab(e)R
לַחֲבוֹר,laHav(o)R
לְהֵיחָבֵשׁ,leheHav(e)x
לַחְבּוֹשׁ,laHb(o)x
לָחוֹג,laH(o)g
לְהֵיחָגֵג,leheHag(e)g
לַחְגּוֹר,laHg(o)R
לְחַדֵּד,leHad(e)d
לַחְדּוֹל,laHd(o)l
לְהַחְדִּיר,lehaHd(i)R
לַחְדּוֹר,laHd(o)R
לְחַדֵּשׁ,leHad(e)x
לְהִתְחַדֵּשׁ,lehitHad(e)x
לָחוּב,laH(u)v
לָחוּג,laH(u)g
לָחוּד,laH(u)d
לְחַווֵּט,leHav(e)t
לְהַחֲווֹת,lehaHav(o)t
לַחֲווֹת,laHav(o)t
לְחַוּוֹת,leHav(o)t
לָחוּל,laH(u)l
לְהִתְחוֹלֵל,lehitHol(e)l
לְהָחִיל,lehaH(i)l
לְחוֹלֵל,leHol(e)l
לָחוּס,laH(u)s
לְהִתְחַווֵּר,lehitHav(e)R
לְהַחֲווִיר,lehaHav(i)R
לָחוּשׁ,laH(u)x
לְהָחִישׁ,lehaH(i)x
לַחֲזוֹת,laHaz(o)t
לְהִתְחַזּוֹת,lehitHaz(o)t
לְחַזֵּק,leHaz(e)k
לְהִתְחַזֵּק,lehitHaz(e)k
לְהַחְזִיק,lehaHz(i)k
לַחֲזוֹק,laHaz(o)k
לַחֲזוֹר,laHaz(o)R
לְחַזֵּר,leHaz(e)R
לְהַחֲזִיר,lehaHaz(i)R
לְהַחֲטִיא,lehaHat(i)
לַחֲטוֹא,laHat(o)
לְחַטֵּא,leHat(e)
לְהִתְחַטֵּא,lehitHat(e)
לַחְטוֹב,laHt(o)v
לְהֵיחָטֵב,leheHat(e)v
לְחַטֵּט,leHat(e)t
לְהֵיחָטֵף,leheHat(e)f
לְהַחְטִיף,lehaHt(i)f
לַחְטוֹף,laHt(o)f
לְהִתְחַייֵּב,lehitHay(e)v
לְחַייֵּב,leHay(e)v
לְחַייֵּג,leHay(e)g
לְחַייֵּט,leHay(e)t
לְהַחֲיוֹת,lehaHay(o)t
לִחְיוֹת,liHy(o)t
לְחַייֵּךְ,leHay(e)H
לְחוֹלֵל,leHol(e)l
לְהִתְחוֹלֵל,lehitHol(e)l
לְחַייֵּל,leHay(e)l
לְחַכּוֹת,leHak(o)t
לְחַכֵּךְ,leHak(e)H
לְהִתְחַכֵּךְ,lehitHak(e)H
לְהִתְחַכֵּם,lehitHak(e)m
לַחְכּוֹם,laHk(o)m
לְהַחְכִּים,lehaHk(i)m
לְהֵיחָכֵר,leheHaH(e)R
לְהַחְכִּיר,lehaHk(i)R
לַחְכּוֹר,laHk(o)R
לַחְלוֹב,laHl(o)v
לְהַחְלִיד,lehaHl(i)d
לְחַלְחֵל,leHalH(e)l
לְהִתְחַלְחֵל,lehitHalH(e)l
לְהַחְלִיט,lehaHl(i)t
לְחַלֵּט,leHal(e)t
לַחְלוֹט,laHl(o)t
לְחַלְטֵר,leHalt(e)R
לַחֲלוֹת,laHal(o)t
לְחַלּוֹת,leHal(o)t
לְהִתְחַלּוֹת,lehitHal(o)t
לְחַלֵּל,leHal(e)l
לְהָחֵל,lehaH(e)l
לְהַחְלִים,lehaHl(i)m
לַחְלוֹם,laHl(o)m
לְהַחֲלִיף,lehaHal(i)f
לְהִתְחַלֵּף,lehitHal(e)f
לַחֲלוֹף,laHal(o)f
לַחֲלוֹץ,laHal(o)tz
לְהֵיחָלֵץ,leheHal(e)tz
לְחַלֵּץ,leHal(e)tz
לְחַלֵּק,leHal(e)k
לְהַחֲלִיק,lehaHal(i)k
לַחֲלוֹק,laHal(o)k
לְהִתְחַלֵּק,lehitHal(e)k
לְהֵיחָלֵק,leheHal(e)k
לְהַחֲלִישׁ,lehaHal(i)x
לַחֲלוֹשׁ,laHal(o)x
לְהִתְחַלֵּשׁ,lehitHal(e)x
לְהֵיחָלֵשׁ,leheHal(e)x
לַחֲלוֹשׁ,laHal(o)x
לְהַחֲמִיא,lehaHam(i)
לַחְמוֹד,laHm(o)d
לַחְמוֹל,laHm(o)l
לְחַמֵּם,leHam(e)m
לְהִתְחַמֵּם,lehitHam(e)m
לְהַחֲמִיץ,lehaHam(i)tz
לַחְמוֹץ,laHm(o)tz
לְהִתְחַמֵּץ,lehitHam(e)tz
לְחַמְצֵן,leHamtz(e)n
לְהִתְחַמְצֵן,lehitHamtz(e)n
לְהִתְחַמֵּק,lehitHam(e)k
לַחְמוֹק,laHm(o)k
לְהַחְמִיר,lehaHm(i)R
לְהִתְחַמֵּשׁ,lehitHam(e)x
לְהִתְחַנְחֵן,lehitHanH(e)n
לַחְנוֹט,laHn(o)t
לְהֵיחָנֵט,leheHan(e)t
לַחֲנוֹת,laHan(o)t
לְהַחֲנוֹת,lehaHan(o)t
לְחַנֵּךְ,leHan(e)H
לְהֵיחָנֵךְ,leheHan(e)H
לְהִתְחַנֵּךְ,lehitHan(e)H
לַחֲנוֹךְ,laHan(o)H
לְהִתְחַנֵּן,lehitHan(e)n
לָחוֹן,laH(o)n
מְחוּנָּן,meHun(a)n
לְהֵיחֵן,leheH(e)n
לְהִתְחַנֵּף,lehitHan(e)f
לְהַחֲנִיף,lehaHan(i)f
לַחֲנוֹק,laHan(o)k
לְהֵיחָנֵק,leheHan(e)k
לְהַחְנִיק,lehaHn(i)k
לְהִתְחַסֵּד,lehitHas(e)d
לַחֲסוֹת,laHas(o)t
לְהֵיחָסֵךְ,leheHas(e)H
לַחֲסוֹךְ,laHas(o)H
לְחַסֵּל,leHas(e)l
לְהִתְחַסֵּל,lehitHas(e)l
לְהֵיחָסֵם,leheHas(e)m
לַחְסוֹם,laHs(o)m
לְחַסֵּן,leHas(e)n
לְהִתְחַסֵּן,lehitHas(e)n
לְהִתְחַסֵּן,lehitHas(e)n
לְחַסְפֵּס,leHasp(e)s
לְהַחְסִיר,lehaHs(i)R
לַחְסוֹר,laHs(o)R
לְחַסֵּר,leHas(e)R
לְהֵיחָפֵז,leheHaf(e)z
לְחַפּוֹת,leHap(o)t
לַחְפּוֹן,laHp(o)n
לָחוֹף,laH(o)f
לְחוֹפֵף,leHof(e)f
לְהִתְחָפֵף,lehitHaf(e)f
לַחְפּוֹף,laHp(o)f
לַחְפּוֹף,laHp(o)f
לַחְפּוֹץ,laHp(o)tz
לַחְפּוֹר,laHp(o)R
לְהֵיחָפֵר,leheHaf(e)R
לְהִתְחַפֵּר,lehitHap(e)R
לְחַפֵּשׂ,leHap(e)s
לְהִתְחַפֵּשׂ,lehitHap(e)s
לַחְצוֹב,laHtz(o)v
לְהֵיחָצֵב,leheHatz(e)v
לַחֲצוֹת,laHatz(o)t
לְהֵיחָצוֹת,leheHatz(o)t
לְהַחְצִין,lehaHtz(i)n
לְהִתְחַצֵּף,lehitHatz(e)f
לַחְצוֹץ,laHtz(o)tz
לְחַצְצֵר,leHatzetz(e)R
לְחַקּוֹת,leHak(o)t
לְהִתְחַקּוֹת,lehitHak(o)t
לְחוֹקֵק,leHok(e)k
לְהֵיחָקֵק,leheHak(e)k
לַחְקוֹק,laHk(o)k
לַחְקוֹר,laHk(o)R
לְהֵיחָקֵר,leheHak(e)R
לְהֵיחָרֵב,leheHaR(e)v
לַחֲרוֹב,laHaR(o)v
לְהַחֲרִיב,lehaHaR(i)v
לְחַרְבֵּן,leHaRb(e)n
לְהִתְחַרְבֵּן,lehitHaRb(e)n
לַחֲרוֹג,laHaR(o)g
לַחֲרוֹד,laHaR(o)d
לְהֵיחָרֵד,leheHaR(e)d
לְהַחְרִיד,lehaHR(i)d
לַחֲרוֹז,laHaR(o)z
לְהֵיחָרֵז,leheHaR(e)z
לְהִתְחָרֵז,lehitHaR(e)z
לְחַרְחֵר,leHaRH(e)R
לַחֲרוֹט,laHaR(o)t
לְהֵיחָרֵט,leheHaR(e)t
לְהִתְחָרֵט,lehitHaR(e)t
לְחַרְטֵט,leHaRt(e)t
לְהִתְחָרוֹת,lehitHaR(o)t
לַחֲרוֹת,laHaR(o)t
לְהַחְרוֹת,lehaHR(o)t
לַחֲרוֹךְ,laHaR(o)H
לְהֵיחָרֵךְ,leheHaR(e)H
לְהַחֲרִים,lehaHaR(i)m
לְהַחֲרִיף,lehaHaR(i)f
לְחָרֵף,leHaR(e)f
לַחְרוֹף,laHR(o)f
לְהִתְחַרְפֵן,lehitHaRf(e)n
לְהֵיחָרֵץ,leheHaR(e)tz
לַחֲרוֹץ,laHaR(o)tz
לַחֲרוֹק,laHaR(o)k
לְחָרֵר,leHaR(e)R
לַחֲרוֹשׁ,laHaR(o)x
לְהַחֲרִישׁ,lehaHaR(i)x
לְהֵיחָרֵשׁ,leheHaR(e)x
לְהִתְחָרֵשׁ,lehitHaR(e)x
לַחֲרוֹת,laHaR(o)t
לַחְשׁוֹב,laHx(o)v
לְהֵיחָשֵׁב,leheHax(e)v
לְחַשֵּׁב,leHax(e)v
לְהַחְשִׁיב,lehaHx(i)v
לְהִתְחַשֵּׁב,lehitHax(e)v
לְהִתְחַשְׁבֵּן,lehitHaxb(e)n
לְחַשְׁבֵּן,leHaxb(e)n
לַחְשׁוֹד,laHx(o)d
לְהֵיחָשֵׁד,leheHax(e)d
לְהַחְשִׁיד,lehaHx(i)d
לְהַחֲשׁוֹת,lehaHax(o)t
לַחְשׁוֹךְ,laHx(o)H
לְהַחְשִׁיךְ,lehaHx(i)H
לְחַשֵּׁל,leHax(e)l
לְהִתְחַשֵּׁל,lehitHax(e)l
לְחַשְׁמֵל,leHaxm(e)l
לְהִתְחַשְׁמֵל,lehitHaxm(e)l
לְהֵיחָשֵׂף,leheHas(e)f
לַחֲשׂוֹף,laHas(o)f
לְחַשֵּׁק,leHax(e)k
לְהִתְחַשֵּׁק,lehitHax(e)k
לְהֵיחָשֵׁק,leheHax(e)k
לַחְשׁוֹק,laHx(o)k
לַחְשׁוֹשׁ,laHx(o)x
לַחְתּוֹךְ,laHt(o)H
לְהֵיחָתֵךְ,leheHat(e)H
לְחַתֵּךְ,leHat(e)H
לְחַתֵּל,leHat(e)l
לְהֵיחָתֵם,leheHat(e)m
לְהַחְתִּים,lehaHt(i)m
לַחְתּוֹם,laHt(o)m
לְחַתֵּן,leHat(e)n
לְהִתְחַתֵּן,lehitHat(e)n
לַחְתּוֹר,laHt(o)R
לְטַאְטֵא,letat(e)
לִטְבּוֹחַ,litb(o)aH
לְהִיטָּבֵחַ,lehitav(e)aH
לִטְבּוֹל,litb(o)l
לְהִיטָּבֵל,lehitav(e)l
לְהַטְבִּיל,lehatb(i)l
לִטְבּוֹעַ,litb(o)a
לְהִיטָּבֵעַ,lehitav(e)a
לְהַטְבִּיעַ,lehatb(i)a
לְהַטְבִּיעַ,lehatb(i)a
לְטַגֵּן,letag(e)n
לְהִיטַּגֵּן,lehitag(e)n
לְטַהֵר,letah(e)R
לִטְהוֹר,lith(o)R
לְהִיטָּהֵר,lehitah(e)R
לְהִיטַּהֵר,lehitah(e)R
לָטוּב,lat(u)v
לְהָטִיחַ,lehat(i)aH
לְטַווֵּחַ,letav(e)aH
לִטְווֹת,litv(o)t
לְהַטִּיל,lehat(i)l
לְהָטִיס,lehat(i)s
לָטוּס,lat(u)s
לִטְחוֹן,litH(o)n
לְטַייֵּב,letay(e)v
לְטַייֵּל,letay(e)l
לְטַכֵּס,letak(e)s
לְטַלֵּא,letal(e)
לְהַטְלִיא,lehatl(i)
לְטַלְגְּרֵף,letalgR(e)f
לְטַלְטֵל,letalt(e)l
לְהִיטַּלְטֵל,lehitalt(e)l
לְטַלֵּף,letal(e)f
לְטַלְפֵּן,letalp(e)n
לְטַמֵּא,letam(e)
לְהִיטָּמֵא,lehitam(e)
לִטְמוֹא,litm(o)
לְטַמְטֵם,letamt(e)m
לִטְמוֹן,litm(o)n
לְהִיטָּמֵן,lehitam(e)n
לְהַטְמִין,lehatm(i)n
לְהַטְמִיעַ,lehatm(i)a
לְהִיטָּמֵעַ,lehitam(e)a
לְטַנֵּף,letan(e)f
לִטְעוֹת,lit'(o)t
לְהַטְעוֹת,lehat'(o)t
לִטְעוֹם,lit'(o)m
לְהַטְעִים,lehat'(i)m
לְהַטְעִין,lehat'(i)n
לִטְעוֹן,lit'(o)n
לְהִיטָּעֵן,lehita'(e)n
לִטְפּוֹחַ,litp(o)aH
לְטַפֵּחַ,letap(e)aH
לְטַפְטֵף,letaft(e)f
לְטַפֵּל,letap(e)l
לְהִיטָּפֵל,lehitaf(e)l
לִטְפּוֹל,litp(o)l
לְטַפֵּס,letap(e)s
לִטְפּוֹף,litp(o)f
לְהַטְרִיד,lehatR(i)d
לְהַטְרִיחַ,lehatR(i)aH
לִטְרוֹחַ,litR(o)aH
לְטַרְטֵר,letaRt(e)R
לְהַטְרִיל,lehatR(i)l
לִטְרוֹף,litR(o)f
לְהִיטָּרֵף,lehitaR(e)f
לְהַטְרִיף,lehatR(i)f
לְטַרְפֵּד,letaRp(e)d
לְהִיטָּרֵק,lehitaR(e)k
לִטְרוֹק,litR(o)k
לְהִתְטַשְׁטֵשׁ,lehitaxt(e)x
לְטַשְׁטֵשׁ,letaxt(e)x
לְהִיטַּשְׁטֵשׁ,lehitaxt(e)x
לִיאוֹת,li'(o)t
לְהוֹאִיל,leho'(i)l
לְהִיווָּאֵשׁ,lehiva'(e)x
לְהִתְייָאֵשׁ,lehitya'(e)x
לְייַבֵּא,leyab(e)
לְייַבֵּב,leyab(e)v
לְהוֹבִיל,lehov(i)l
לְייַבֵּל,leyab(e)l
לְהִתְייַבֵּשׁ,lehityab(e)x
לִיבוֹשׁ,liv(o)x
לְייַבֵּשׁ,leyab(e)x
לְייַגֵּעַ,leyag(e)a
לְהִתְייַגֵּעַ,lehityag(e)a
יָגוֹר,yag(o)R
לְהִתְייַדֵּד,lehityad(e)d
לְהוֹדוֹת,lehod(o)t
לִידוֹת,lid(o)t
לְייַדּוֹת,leyad(o)t
לָדַעַת,lad(a)'at
לְהוֹדִיעַ,lehod(i)a
לְהִיווָּדֵעַ,lehivad(e)a
לְייַדֵּעַ,leyad(e)a
לְהִתְייַווֵּן,lehityav(e)n
לְהוֹזִיל,lehoz(i)l
לִיזוֹם,liz(o)m
לְהַזִּיעַ,lehaz(i)a
לְהִתְייַחֵד,lehityaH(e)d
לְייַחֵד,leyaH(e)d
לְייַחֵל,leyaH(e)l
לְהִתְייַחֵס,lehityaH(e)s
לְייַחֵס,leyaH(e)s
לְהֵיטִיב,lehet(i)v
לְהוֹכִיחַ,lehoH(i)aH
לְהִיווָּכֵחַ,lehivaH(e)aH
לוּכַל,luH(a)l
לָלֶדֶת,lal(e)det
לְהוֹלִיד,lehol(i)d
לְהִיווָּלֵד,lehival(e)d
לְהִתְייַלֵּד,lehityal(e)d
לְייַלֵּד,leyal(e)d
לְייַלֵּל,leyal(e)l
לְהֵימִין,lehem(i)n
לְהִתְייַמֵּר,lehityam(e)R
לְהוֹנוֹת,lehon(o)t
לְייַנֵּן,leyan(e)n
לְהֵינִיק,lehen(i)k
לִינוֹק,lin(o)k
לִיסוֹד,lis(o)d
לְהִיווָּסֵד,lehivas(e)d
לְייַסֵּד,leyas(e)d
יוֹסֵף,yos(e)f
לְהוֹסִיף,lehos(i)f
לְהִיווָּסֵף,lehivas(e)f
לְהִיתּוֹסֵף,lehitos(e)f
לְהִתְייַסֵּר,lehityas(e)R
לְייַסֵּר,leyas(e)R
לְהִיווָּעֵד,lehiva'(e)d
מוּעָד,mu'(a)d
לִיעוֹד,li'(o)d
לְהוֹעִיד,leho'(i)d
לְייַעֵד,leya'(e)d
לְהִיווָּעֵז,lehiva'(e)z
לְהוֹעִיל,leho'(i)l
לְייַעֵל,leya'(e)l
לִיעוֹף,li'(o)f
לָעוּץ,la'(u)tz
לְהִתְייַעֵץ,lehitya'(e)tz
לְהִיווָּעֵץ,lehiva'(e)tz
לְייַעֵץ,leya'(e)tz
לְהִתְייַפֵּחַ,lehityap(e)aH
לְייַפּוֹת,leyap(o)t
לִיפוֹת,lif(o)t
לְהִתְייַפְייֵף,lehityafy(e)f
לְהוֹפִיעַ,lehof(i)a
לָצֵאת,latz(e)t
לְהוֹצִיא,lehotz(i)
לְייַצֵּא,leyatz(e)
לְהִתְייַצֵּב,lehityatz(e)v
לְהַצִּיב,lehatz(i)v
נִיצָּב,nitz(a)v
לְייַצֵּב,leyatz(e)v
לְהַצִּיג,lehatz(i)g
לְייַצֵּג,leyatz(e)g
לְהַצִּיעַ,lehatz(i)a
לִיצוֹק,litz(o)k
מוּצָק,mutz(a)k
לְהִיווָּצֵק,lehivatz(e)k
לִיצוֹר,litz(o)R
לְהִיווָּצֵר,lehivatz(e)R
לְייַצֵּר,leyatz(e)R
לְהַצִּית,lehatz(i)t
לִיקוֹד,lik(o)d
לְהוֹקִיעַ,lehok(i)a
לִיקוֹץ,lik(o)tz
לְהִתְייַקֵּר,lehityak(e)R
לְהוֹקִיר,lehok(i)R
לִיקוֹר,lik(o)R
לְייַקֵּר,leyak(e)R
לִירוֹא,liR(o)
לְהִתְייָרֵא,lehityaR(e)
לְהוֹרִיד,lehoR(i)d
לָרֶדֶת,laR(e)det
לְייָרֵט,leyaR(e)t
לִירוֹט,liR(o)t
לִירוֹת,liR(o)t
לְהוֹרוֹת,lehoR(o)t
לְהִייָּרוֹת,lehiyaR(o)t
לִירוֹק,liR(o)k
לְהוֹרִיק,lehoR(i)k
לָרֶשֶׁת,laR(e)xet
לְהוֹרִישׁ,lehoR(i)x
לְהִיווָּרֵשׁ,lehivaR(e)x
לָשֶׁבֶת,lax(e)vet
לְהִתְייַשֵּׁב,lehityax(e)v
לְייַשֵּׁב,leyax(e)v
לְהוֹשִׁיב,lehox(i)v
לְהוֹשִׁיט,lehox(i)t
לְייַשֵּׂם,leyas(e)m
לִישׁוֹן,lix(o)n
לְהִתְייַשֵּׁן,lehityax(e)n
לְהוֹשִׁיעַ,lehox(i)a
לְהִיווָּשֵׁעַ,lehivax(e)a
לְהִתְייַשֵּׁר,lehityax(e)R
לְייַשֵּׁר,leyax(e)R
לְהֵישִׁיר,lehex(i)R
לִיתוֹם,lit(o)m
לְהִתְייַתֵּם,lehityat(e)m
לְהוֹתִיר,lehot(i)R
לְהִיווָּתֵר,lehivat(e)R
לְייַתֵּר,leyat(e)R
לִכְאוֹב,liH'(o)v
לְהַכְאִיב,lehaH'(i)v
לְהִתְכַּבֵּד,lehitkab(e)d
לְהַכְבִּיד,lehaHb(i)d
לִכְבּוֹד,liHb(o)d
לְכַבֵּד,leHab(e)d
לְכַבּוֹת,leHab(o)t
לְהִיכָּבוֹת,lehikav(o)t
לִכְבּוֹת,liHb(o)t
לִכְבּוֹל,liHb(o)l
לְהִיכָּבֵל,lehikav(e)l
לְכַבֵּס,leHab(e)s
לְהַכְבִּיר,lehaHb(i)R
לְהִיכָּבֵשׁ,lehikav(e)x
לִכְבּוֹשׁ,liHb(o)x
לְהִתְכַּדֵּר,lehitkad(e)R
לְכַדְרֵר,leHadR(e)R
לִכְהוֹת,liHh(o)t
לְהִתְכַּהוֹת,lehitkah(o)t
לְכַהֵן,leHah(e)n
לִכְווֹת,liHv(o)t
לְהִיכָּווֹת,lehikav(o)t
לְהָכִיל,lehaH(i)l
לְהָכִין,lehaH(i)n
לְכַווֵּן,leHav(e)n
לְכוֹנֵן,leHon(e)n
לְהִתְכַּווֵּן,lehitkav(e)n
לְהִתְכּוֹנֵן,lehitkon(e)n
לְהִיכּוֹן,lehik(o)n
לְהַכְווִין,lehaHv(i)n
לְכַווֵּץ,leHav(e)tz
לְהִתְכַּווֵּץ,lehitkav(e)tz
לְכַזֵּב,leHaz(e)v
לְהִיכָּזֵב,lehikaz(e)v
לְהַכְזִיב,lehaHz(i)v
לְהִיכָּחֵד,lehikaH(e)d
לְהַכְחִיד,lehaH(i)d
לְכַחְכֵּחַ,leHaHk(e)aH
לְהַכְחִיל,lehaH(i)l
לְהַכְחִישׁ,lehaH(i)x
לְהִתְכַּחֵשׁ,lehitkaH(e)x
לְכַחֵשׁ,leHaH(e)x
לְכַייֵּל,leHay(e)l
לְכַייֵּס,leHay(e)s
לְכַייֵּף,leHay(e)f
לְכַכֵּב,leHak(e)v
לִכְלוֹא,liHl(o)
לְהִיכָּלֵא,lehikal(e)
לְהַכְלִיב,lehaHl(i)v
לְכַלּוֹת,leHal(o)t
לִכְלוֹת,liHl(o)t
לְהִתְכַּלּוֹת,lehitkal(o)t
לְהִתְכַּלְכֵּל,lehitkalk(e)l
לְכַלְכֵּל,leHalk(e)l
לְהִיכָּלֵל,lehikal(e)l
לְהַכְלִיל,lehaHl(i)l
לִכְלוֹל,liHl(o)l
לְהַכְלִים,lehaHl(i)m
לְהִיכָּלֵם,lehikal(e)m
לִכְמוֹהַּ,liHm(o)a
לְכַּמֵּת,lekam(e)t
לְכַנּוֹת,leHan(o)t
לְהִתְכַּנּוֹת,lehitkan(o)t
לְהִיכָּנֵס,lehikan(e)s
לְהַכְנִיס,lehaHn(i)s
לְכַנֵּס,leHan(e)s
לְהִתְכַּנֵּס,lehitkan(e)s
לְהַכְנִיעַ,lehaHn(i)a
לְהִיכָּנֵעַ,lehikan(e)a
לְכַסֵּחַ,leHas(e)aH
לְכַסּוֹת,leHas(o)t
לְהִתְכַּסּוֹת,lehitkas(o)t
לִכְסוֹס,liHs(o)s
לְהַכְסִיף,lehaHs(i)f
לְהִיכָּסֵף,lehikas(e)f
לִכְעוֹס,liH'(o)s
לְהַכְעִיס,lehaH'(i)s
לְכַעֵר,leHa'(e)R
לִכְפּוֹת,liHp(o)t
לְהִיכָּפוֹת,lehikaf(o)t
לִכְפּוֹל,liHp(o)l
לְהַכְפִּיל,lehaHp(i)l
לְהַכְפִיף,lehaHf(i)f
לְכוֹפֵף,leHof(e)f
לְהִתְכּוֹפֵף,lehitkof(e)f
לָכוֹף,laH(o)f
לְהִיכָּפֵף,lehikaf(e)f
לִכְפּוֹר,liHp(o)R
לְכַפֵּר,leHap(e)R
לְהַכְפִּישׁ,lehaHp(i)x
לִכְפּוֹת,liHp(o)t
לְהִיכָּפֵת,lehikaf(e)t
לְכַפְתֵּר,leHaft(e)R
לְהִתְכַּרְבֵּל,lehitkaRb(e)l
לְהַכְרִיז,lehaHR(i)z
לְהַכְרִיחַ,lehaHR(i)aH
לִכְרוֹת,liHR(o)t
לְהִיכָּרוֹת,lehikaR(o)t
לִכְרוֹךְ,liHR(o)H
לְהִיכָּרֵךְ,lehikaR(e)H
לְכַרְכֵּר,leHaRk(e)R
לְכַרְסֵם,leHaRs(e)m
לְהַכְרִיעַ,lehaHR(i)a
לִכְרוֹעַ,liHR(o)a
לְהִיכָּרֵת,lehikaR(e)t
לִכְרוֹת,liHR(o)t
לְהַכְרִית,lehaHR(i)t
לְכַשְׁכֵּשׁ,leHaxk(e)x
לְהִיכָּשֵׁל,lehikax(e)l
לְהַכְשִׁיל,lehaHx(i)l
לִכְשׁוֹל,liHx(o)l
לְכַשֵּׁף,leHax(e)f
לְהַכְשִׁיר,lehaHx(i)R
לִכְשׁוֹר,liHx(o)R
לִכְתּוֹב,liHt(o)v
לְהִיכָּתֵב,lehikat(e)v
לְהַכְתִּיב,lehaHt(i)v
לְהִתְכַּתֵּב,lehitkat(e)v
לְכַתֵּב,leHat(e)v
לְהַכְתִּים,lehaHt(i)m
לְכַתֵּר,leHat(e)R
לְהַכְתִּיר,lehaHt(i)R
לְהִתְכַּתֵּשׁ,lehitkat(e)x
לִכְתּוֹשׁ,liHt(o)x
לִכְתּוֹת,liHt(o)t
לְהַלְאוֹת,lehal'(o)t
לִלְאוֹת,lil'(o)t
לְהַלְאִים,lehal'(i)m
לְלַבֵּב,lelab(e)v
לְהִתְלַבֵּט,lehitlab(e)t
לְלַבּוֹת,lelab(o)t
לְלַבְלֵב,lelavl(e)v
לְלַבֵּן,lelab(e)n
לְהַלְבִּין,lehalb(i)n
לִלְבּוֹשׁ,lilb(o)x
לְהִתְלַבֵּשׁ,lehitlab(e)x
לְהַלְבִּישׁ,lehalb(i)x
לְהִילָּבֵשׁ,lehilav(e)x
לְלַגְלֵג,lelagl(e)g
לִלְגּוֹם,lilg(o)m
לְהַלְהִיב,lehalh(i)v
לְהִתְלַהֵב,lehitlah(e)v
לְהִילָּהֵב,lehilah(e)v
לִלְהוֹב,lilh(o)v
לִלְהוֹט,lilh(o)t
לְהִתְלַהֵט,lehitlah(e)t
לִלְהוֹת,lilh(o)t
לְהִתְלַהֵם,lehitlah(e)m
לְלַהֵק,lelah(e)k
לְהִתְלַהֵק,lehitlah(e)k
לְהָלִיט,lehal(i)t
לִלְווֹת,lilv(o)t
לְהַלְווֹת,lehalv(o)t
לְהִתְלַוּוֹת,lehitlav(o)t
לְהִילָּווֹת,lehilav(o)t
לְלַוּוֹת,lelav(o)t
לְהִתְלוֹנֵן,lehitlon(e)n
לְהַלִּין,lehal(i)n
לְהָלִין,lehal(i)n
לָלוּן,lal(u)n
לָלוּשׁ,lal(u)x
לְלַחֵךְ,lelaH(e)H
לִלְחוֹךְ,lilH(o)H
לִלְחוֹם,lilH(o)m
לְהִילָּחֵם,lehilaH(e)m
לְהַלְחִים,lehalH(i)m
לְהַלְחִין,lehalH(i)n
לְהַלְחִיץ,lehalH(i)tz
לִלְחוֹץ,lilH(o)tz
לְהִילָּחֵץ,lehilaH(e)tz
לִלְחוֹשׁ,lilH(o)x
לְהִתְלַחֵשׁ,lehitlaH(e)x
לְהִתְלַחְשֵׁשׁ,lehitlaHx(e)x
לְלַטֵּף,lelat(e)f
לִלְטוֹף,lilt(o)f
לִלְטוֹשׁ,lilt(o)x
לְלַטֵּשׁ,lelat(e)x
לְהִתְלוֹצֵץ,lehitlotz(e)tz
לָלִיץ,lal(i)tz
לִלְכּוֹד,lilk(o)d
לְלַכֵּד,lelak(e)d
לְהִתְלַכֵּד,lehitlak(e)d
לְהִילָּכֵד,lehilaH(e)d
לְלַכְלֵךְ,lelaHl(e)H
לְהִתְלַכְלֵךְ,lehitlaHl(e)H
לְלַכְסֵן,lelaHs(e)n
לִלְמוֹד,lilm(o)d
לְלַמֵּד,lelam(e)d
לְהִילָּמֵד,lehilam(e)d
לְהִתְלַמֵּד,lehitlam(e)d
לִלְעוֹג,lil'(o)g
לְהַלְעִיג,lehal'(i)g
לְהַלְעִיט,lehal'(i)t
לְלַעְלֵעַ,lela'al(e)a
לִלְעוֹס,lil'(o)s
לְלַפֵּף,lelap(e)f
לִלְפּוֹת,lilp(o)t
לְהִילָּקֵחַ,lehilak(e)aH
לְהִתְלַקֵּחַ,lehitlak(e)aH
לָקַחַת,lak(a)Hat
לְהִילָּקֵט,lehilak(e)t
לְלַקֵּט,lelak(e)t
לְהִתְלַקֵּט,lehitlak(e)t
לִלְקוֹט,lilk(o)t
לְהַלְקוֹת,lehalk(o)t
לִלְקוֹת,lilk(o)t
לְלַקֵּק,lelak(e)k
לְהַלְשִׁין,lehalx(i)n
לְמָאֵן,lema'(e)n
לְהִימָּאֵס,lehima'(e)s
לְהַמְאִיס,leham'(i)s
לִמְאוֹס,lim'(o)s
לְמַגֵּן,lemag(e)n
לְמַגְנֵט,lemagn(e)t
לְהִתְמַגְנֵט,lehitmagn(e)t
לְמַגֵּר,lemag(e)R
לָמוֹד,lam(o)d
לְהִימָּדֵד,lehimad(e)d
לְהִתְמוֹדֵד,lehitmod(e)d
לִמְהוֹל,limh(o)l
לְהִימָּהֵל,lehimah(e)l
לְהִתְמַהְמֵהַּ,lehitmahm(e)a
לְמַהֵר,lemah(e)R
לְהִימּוֹג,lehim(o)g
לְהִתְמוֹגֵג,lehitmog(e)g
לְמוֹטֵט,lemot(e)t
לְהִתְמוֹטֵט,lehitmot(e)t
לָמוּט,lam(u)t
לְהִימּוֹט,lehim(o)t
לָמוּל,lam(u)l
לְהִימּוֹל,lehim(o)l
לְהָמִיר,leham(i)R
לָמוּשׁ,lam(u)x
לָמוּת,lam(u)t
לְהָמִית,leham(i)t
לִמְזוֹג,limz(o)g
לְהִתְמַזֵּג,lehitmaz(e)g
לְמַזֵּג,lemaz(e)g
לְמַזֵּג,lemaz(e)g
לְהִתְמַזֵּל,lehitmaz(e)l
לְהִתְמַזְמֵז,lehitmazm(e)z
לְמַזְמֵז,lemazm(e)z
לְמַזְעֵר,lemaz'(e)R
לִמְחוֹא,limH(o)
לְהַמְחִיז,lehamH(i)z
לְמַחְזֵר,lemaHz(e)R
לִמְחוֹט,limH(o)t
לִמְחוֹת,limH(o)t
לְהִימָּחוֹת,lehimaH(o)t
לְהִתְמַחוֹת,lehitmaH(o)t
לְמַחוֹת,lemaH(o)t
לִמְחוֹל,limH(o)l
לִמְחוֹץ,limH(o)tz
לְהִימָּחֵץ,lehimaH(e)tz
לִמְחוֹק,limH(o)k
לְהִימָּחֵק,lehimaH(e)k
לְהַמְחִישׁ,lehamH(i)x
לְמַחְשֵׁב,lemaHx(e)v
לְהַמְטִיר,lehamt(i)R
לְמַייֵּן,lemay(e)n
לְהָמִישׁ,leham(i)x
לִמְכּוֹר,limk(o)R
לְהִתְמַכֵּר,lehitmak(e)R
לְהִימָּכֵר,lehimaH(e)R
לְהִתְמַלֵּא,lehitmal(e)
לִמְלֹאת,liml(o)t
לְמַלֵּא,lemal(e)
לְהַמְלִיחַ,lehaml(i)aH
לְמַלֵּט,lemal(e)t
לְהִימָּלֵט,lehimal(e)t
לְהַמְלִיט,lehaml(i)t
לְהַמְלִיךְ,lehaml(i)H
לִמְלוֹךְ,liml(o)H
לְמַלְכֵּד,lemalk(e)d
לְמַלֵּל,lemal(e)l
לְמַלְמֵל,lemalm(e)l
לְהַמְלִיץ,lehaml(i)tz
לִמְלוֹק,liml(o)k
לְמַמֵּן,lemam(e)n
לְמַמֵּשׁ,lemam(e)x
לְהִתְמַמֵּשׁ,lehitmam(e)x
לִמְנוֹת,limn(o)t
לְהִימָּנוֹת,lehiman(o)t
לְמַנּוֹת,leman(o)t
לְהִתְמַנּוֹת,lehitman(o)t
לְמַנֵּן,leman(e)n
לִמְנוֹעַ,limn(o)a
לְהִימָּנֵעַ,lehiman(e)a
לְמַנֵּף,leman(e)f
לְמַסְגֵּר,lemasg(e)R
לְמַסֵּד,lemas(e)d
לְהִתְמַסֵּד,lehitmas(e)d
לְהִתְמַסְחֵר,lehitmasH(e)R
לְמַסְחֵר,lemasH(e)R
לְהִתְמַסְטֵל,lehitmast(e)l
לְמַסּוֹת,lemas(o)t
לְהִתְמַסְמֵס,lehitmasm(e)s
לְמַסְמֵר,lemasm(e)R
לְהִתְמוֹסֵס,lehitmos(e)s
לְהָמִיס,leham(i)s
לְהִימּוֹס,lehim(o)s
לְמוֹסֵס,lemos(e)s
לְמַסְפֵּר,lemasp(e)R
לִמְסוֹר,lims(o)R
לְהִימָּסֵר,lehimas(e)R
לְהִתְמַסֵּר,lehitmas(e)R
לְמַסְרֵר,lemasR(e)R
לִמְעוֹד,lim'(o)d
לְהַמְעִיד,leham'(i)d
לְמַעֵט,lema'(e)t
לְהַמְעִיט,leham'(i)t
לְהִתְמַעֵט,lehitma'(e)t
מָעַט,ma'(a)t
לִמְעוֹךְ,lim'(o)H
לְהִימָּעֵךְ,lehima'(e)H
לִמְעוֹל,lim'(o)l
לְמַעֵן,lema'(e)n
לִמְעוֹן,lim'(o)n
לְמַפּוֹת,lemap(o)t
לִמְצוֹא,limtz(o)
לְהִימָּצֵא,lehimatz(e)
לְהַמְצִיא,lehamtz(i)
לְהִתְמַצֵּא,lehitmatz(e)
לְמַצֵּב,lematz(e)v
לְמַצּוֹת,lematz(o)t
לִמְצוֹת,limtz(o)t
לְמַצְמֵץ,lematzm(e)tz
לִמְצוֹץ,limtz(o)tz
לְהִימָּצֵץ,lehimatz(e)tz
לְהִתְמַצֵּק,lehitmatz(e)k
לְמַקֵּד,lemak(e)d
לְהִתְמַקֵּד,lehitmak(e)d
לְהִתְמַקֵּחַ,lehitmak(e)aH
לְמַקֵּם,lemak(e)m
לְהִתְמַקֵּם,lehitmak(e)m
לְמַקְסֵס,lemaks(e)s
לְמַקֵּף,lemak(e)f
לְהִתְמַקְצֵעַ,lehitmaktz(e)a
לְהִימֵּק,lehim(e)k
לְמַקֵּר,lemak(e)R
לְמַקֵּשׁ,lemak(e)x
לְהַמְרִיא,lehamR(i)
לִמְרוֹד,limR(o)d
לְהִתְמָרֵד,lehitmaR(e)d
לְהַמְרִיד,lehamR(i)d
לִמְרוֹחַ,limR(o)aH
לְהִימָּרֵחַ,lehimaR(e)aH
לִמְרוֹט,limR(o)t
לְהַמְרוֹת,lehamR(o)t
לְמַרְכֵּז,lemaRk(e)z
לְהִתְמַרְכֵּז,lehitmaRk(e)z
לְמַרְמֵר,lemaRm(e)R
לְהִתְמַרְמֵר,lehitmaRm(e)R
לְמַרְפֵּק,lemaRp(e)k
לְהַמְרִיץ,lehamR(i)tz
לְמָרֵק,lemaR(e)k
לְהָמֵר,leham(e)R
לְמָרֵר,lemaR(e)R
לְהַמְשִׂיג,lehams(i)g
לִמְשׁוֹחַ,limx(o)aH
לִמְשׁוֹת,limx(o)t
לְהִימָּשׁוֹת,lehimax(o)t
לִמְשׁוֹךְ,limx(o)H
לְהִימָּשֵׁךְ,lehimax(e)H
לְהִתְמַשֵּׁךְ,lehitmax(e)H
לְהַמְשִׁיךְ,lehamx(i)H
לְמַשְׁכֵּן,lemaxk(e)n
לִמְשׁוֹל,limx(o)l
לְהַמְשִׁיל,lehamx(i)l
לְהִימָּשֵׁל,lehimax(e)l
לְמַשְׁמֵעַ,lemaxm(e)a
לְמַשְׁמֵשׁ,lemaxm(e)x
לְמַשֵּׁשׁ,lemax(e)x
לְמַתֵּג,lemat(e)g
לִמְתּוֹחַ,limt(o)aH
לְהִימָּתֵחַ,lehimat(e)aH
לְהִתְמַתֵּחַ,lehitmat(e)aH
לְמַתֵּן,lemat(e)n
לְהַמְתִּין,lehamt(i)n
לְהַמְתִּיק,lehamt(i)k
לִנְאוֹת,lin'(o)t
לִנְאוֹם,lin'(o)m
לְנָאֵף,lena'(e)f
לִנְאוֹף,lin'(o)f
לְנָאֵץ,lena'(e)tz
לִנְאוֹק,lin'(o)k
לְנַבֵּא,lenab(e)
לְהִתְנַבֵּא,lehitnab(e)
לְהִינָּבֵא,lehinav(e)
לִנְבּוֹחַ,linb(o)aH
לְהַנְבִּיט,lehanb(i)t
לְהַבִּיט,lehab(i)t
לִנְבּוֹט,linb(o)t
לִנְבּוֹל,linb(o)l
לִנְבּוֹעַ,linb(o)a
לְהַבִּיעַ,lehab(i)a
לִנְבּוֹר,linb(o)R
לְנַגֵּב,lenag(e)v
לְהִתְנַגֵּב,lehitnag(e)v
לְהַנְגִּיד,lehang(i)d
לְהִתְנַגֵּד,lehitnag(e)d
לְהַגִּיד,lehag(i)d
לִנְגּוֹד,ling(o)d
לִנְגּוֹהַּ,ling(o)a
לְהַגִּיהַּ,lehag(i)a
לִנְגּוֹחַ,ling(o)aH
לְנַגֵּן,lenag(e)n
לְהִתְנַגֵּן,lehitnag(e)n
לִנְגּוֹס,ling(o)s
לְהַגִּיעַ,lehag(i)a
לָגַעַת,lag(a)'at
לְנַגֵּעַ,lenag(e)a
לְהִינָּגַע,lehinag(a)
לְהִינָּגֵף,lehinag(e)f
לְהִינָּגֵר,lehinag(e)R
לְנַגֵּר,lenag(e)R
לָגֶשֶׁת,lag(e)xet
לְהַגִּישׁ,lehag(i)x
לְהַנְגִּישׁ,lehang(i)x
לְהִתְנַגֵּשׁ,lehitnag(e)x
לְנַדֵּב,lenad(e)v
לְהִתְנַדֵּב,lehitnad(e)v
לִנְדּוֹב,lind(o)v
לִנְדּוֹד,lind(o)d
לְהַדִּיחַ,lehad(i)aH
לְנַדּוֹת,lenad(o)t
לְנַדְנֵד,lenadn(e)d
לְהִתְנַדְנֵד,lehitnadn(e)d
לְהִתְנַדֵּף,lehitnad(e)f
לְהִינָּדֵף,lehinad(e)f
לְהַדִּיף,lehad(i)f
לִנְדּוֹף,lind(o)f
לִידּוֹר,lid(o)R
לְהַדִּיר,lehad(i)R
לְהִתְנַהֵג,lehitnah(e)g
לִנְהוֹג,linh(o)g
לְהַנְהִיג,lehanh(i)g
לְנַהֵל,lenah(e)l
לְהִתְנַהֵל,lehitnah(e)l
לִנְהוֹם,linh(o)m
לִנְהוֹק,linh(o)k
לִנְהוֹר,linh(o)R
לְהָנִיא,lehan(i)
לְהָנִיב,lehan(i)v
לָנוּב,lan(u)v
לָנוּד,lan(u)d
לְהִתְנוֹדֵד,lehitnod(e)d
לְהָנִיד,lehan(i)d
לָנוּחַ,lan(u)aH
לְהָנִיחַ,lehan(i)aH
לְהַנִּיחַ,lehan(i)aH
לְנַווֵּט,lenav(e)t
נָאווֶה,nav(e)
לִנְווֹת,linv(o)t
לָנוּם,lan(u)m
לְהִתְנַווֵּן,lehitnav(e)n
לְנַווֵּן,lenav(e)n
לְהָנִיס,lehan(i)s
לָנוּס,lan(u)s
לָנוּעַ,lan(u)a
לְהָנִיעַ,lehan(i)a
לְהִתְנוֹעֵעַ,lehitno'(e)a
לְנוֹפֵף,lenof(e)f
לְהִתְנוֹפֵף,lehitnof(e)f
לְהָנִיף,lehan(i)f
לְהַזּוֹת,lehaz(o)t
לְהַזּוֹת,lehaz(o)t
לְהַנְזִיל,lehanz(i)l
לִנְזוֹל,linz(o)l
לְהַזִּיל,lehaz(i)l
לְהִינָּזֵף,lehinaz(e)f
לִנְזוֹף,linz(o)f
לְהַזִּיק,lehaz(i)k
לְהִינָּזֵק,lehinaz(e)k
לְהִתְנַזֵּר,lehitnaz(e)R
לְהַנְחוֹת,lehanH(o)t
לִנְחוֹל,linH(o)l
לְהַנְחִיל,lehanH(i)l
לְהִתְנַחֵל,lehitnaH(e)l
לְנַחֵם,lenaH(e)m
לְהִינָּחֵם,lehinaH(e)m
לְהִתְנַחֵם,lehitnaH(e)m
לְהִתְנַחְמֵד,lehitnaHm(e)d
לִנְחוֹר,linH(o)R
לְנַחֵשׁ,lenaH(e)x
לִנְחוֹת,linH(o)t
לְהַנְחִית,lehanH(i)t
לִנְטוֹת,lint(o)t
לְהַטּוֹת,lehat(o)t
לְהִינָּטוֹת,lehinat(o)t
לִיטּוֹל,lit(o)l
לְהִינָּטֵעַ,lehinat(e)a
לָטַעַת,lat(a)'at
לִנְטוֹף,lint(o)f
לְהַטִּיף,lehat(i)f
לִנְטוֹר,lint(o)R
לְנַטֵּר,lenat(e)R
לְנַטְרֵל,lenatR(e)l
לִנְטוֹשׁ,lint(o)x
לְהִינָּטֵשׁ,lehinat(e)x
לְהִינָּטֵשׁ,lehinat(e)x
לְהִתְנַייֵּד,lehitnay(e)d
לִנְכּוֹחַ,link(o)aH
לְהַנְכִיחַ,lehanH(i)aH
לְהַכּוֹת,lehak(o)t
לְנַכּוֹת,lenak(o)t
לְהִתְנַכֵּל,lehitnak(e)l
לְהִינָּכֵר,lehinaH(e)R
לְנַכֵּר,lenak(e)R
לְהַכִּיר,lehak(i)R
לְהִתְנַכֵּר,lehitnak(e)R
לְהַכִּישׁ,lehak(i)x
לְהַנְמִיךְ,lehanm(i)H
לְנַמְנֵם,lenamn(e)m
לְהִתְנַמְנֵם,lehitnamn(e)m
לְנַמֵּק,lenam(e)k
לְהַסִּיג,lehas(i)g
לְהַסִּיחַ,lehas(i)aH
לְנַסֵּחַ,lenas(e)aH
לְנַסּוֹת,lenas(o)t
לְהִתְנַסּוֹת,lehitnas(o)t
לִנְסוֹךְ,lins(o)H
לְהִתְנוֹסֵס,lehitnos(e)s
לִנְסוֹעַ,lins(o)a
לְהַסִּיעַ,lehas(i)a
לְהַסִּיק,lehas(i)k
לְהַסִּיק,lehas(i)k
לִנְסוֹק,lins(o)k
לְנַסֵּר,lenas(e)R
לִנְסוֹר,lins(o)R
לִנְעוֹל,lin'(o)l
לִנְעוֹל,lin'(o)l
לְהַנְעִיל,lehan'(i)l
לְהִינָּעֵל,lehina'(e)l
לִנְעוֹם,lin'(o)m
לְהַנְעִים,lehan'(i)m
לְנַעְנֵעַ,lena'an(e)a
לְהִתְנַעְנֵעַ,lehitna'an(e)a
לִנְעוֹץ,lin'(o)tz
לְהִינָּעֵץ,lehina'(e)tz
לְנַעֵר,lena'(e)R
לְהִתְנַעֵר,lehitna'(e)R
לְהִינָּעֵר,lehina'(e)R
לִנְעוֹר,lin'(o)R
לִנְפּוֹחַ,linp(o)aH
לְנַפֵּחַ,lenap(e)aH
לְהִתְנַפֵּחַ,lehitnap(e)aH
לְנַפּוֹת,lenap(o)t
לְהַפִּיל,lehap(i)l
לִיפּוֹל,lip(o)l
לְהִתְנַפֵּל,lehitnap(e)l
לְנַפְנֵף,lenafn(e)f
לְנַפֵּץ,lenap(e)tz
לְהִתְנַפֵּץ,lehitnap(e)tz
לְהַנְפִּיק,lehanp(i)k
לְהַפִּיק,lehap(i)k
לְהַנְפִּישׁ,lehanp(i)x
לִנְפּוֹשׁ,linp(o)x
לְנַצֵּחַ,lenatz(e)aH
לְהִתְנַצֵּחַ,lehitnatz(e)aH
לְהַנְצִיחַ,lehantz(i)aH
לְהַצִּיל,lehatz(i)l
לְהִינָּצֵל,lehinatz(e)l
לְנַצֵּל,lenatz(e)l
לְהִתְנַצֵּל,lehitnatz(e)l
לְנַצְנֵץ,lenatzn(e)tz
לְהִתְנוֹצֵץ,lehitnotz(e)tz
לְהָנֵץ,lehan(e)tz
לִנְצוֹץ,lintz(o)tz
לְהִתְנַצֵּר,lehitnatz(e)R
לִנְצוֹר,lintz(o)R
לִנְקוֹב,link(o)v
לְנַקֵּד,lenak(e)d
לְהִתְנַקֵּז,lehitnak(e)z
לְנַקֵּז,lenak(e)z
לְהִינָּקֵט,lehinak(e)t
לִנְקוֹט,link(o)t
לְנַקּוֹת,lenak(o)t
לְהִתְנַקּוֹת,lehitnak(o)t
לִנְקוֹם,link(o)m
לְהִתְנַקֵּם,lehitnak(e)m
לְהִינָּקֵם,lehinak(e)m
לִנְקוֹעַ,link(o)a
לְהַקִּיף,lehak(i)f
לִנְקוֹף,link(o)f
לְנַקֵּר,lenak(e)R
לִנְקוֹשׁ,link(o)x
לְהִתְנַקֵּשׁ,lehitnak(e)x
לְהַקִּישׁ,lehak(i)x
לְנַרְמֵל,lenaRm(e)l
לְהִתְנַשֵּׂא,lehitnas(e)
לָשֵׂאת,las(e)t
לְהִינָּשֵׂא,lehinas(e)
לְהַשִּׂיא,lehas(i)
לְנַשֵּׁב,lenax(e)v
לִנְשׁוֹב,linx(o)v
לְהַשִּׂיג,lehas(i)g
לִנְשׁוֹת,linx(o)t
לְנַשֵּׁךְ,lenax(e)H
לִנְשׁוֹךְ,linx(o)H
לְהִינָּשֵׁךְ,lehinax(e)H
לְנַשֵּׁל,lenax(e)l
לִנְשׁוֹל,linx(o)l
לְהַשִּׁיל,lehax(i)l
לִנְשׁוֹם,linx(o)m
לְהִתְנַשֵּׁם,lehitnax(e)m
לְהַנְשִׁים,lehanx(i)m
לְנַשְׁנֵשׁ,lenaxn(e)x
לִנְשׁוֹף,linx(o)f
לְהִתְנַשֵּׁף,lehitnax(e)f
לְנַשֵּׁף,lenax(e)f
לְנַשֵּׁק,lenax(e)k
לְהַשִּׁיק,lehax(i)k
לְהִתְנַשֵּׁק,lehitnax(e)k
לִנְשׁוֹק,linx(o)k
לִנְשׁוֹר,linx(o)R
לְהַנְשִׁיר,lehanx(i)R
לְהַשִּׁיר,lehax(i)R
לְנַתֵּב,lenat(e)v
לְהַתִּיז,lehat(i)z
לְהִינָּתֵז,lehinat(e)z
לְנַתֵּחַ,lenat(e)aH
לְהַתִּיךְ,lehat(i)H
לָתֵת,lat(e)t
לְהִינָּתֵן,lehinat(e)n
לְנַתֵּץ,lenat(e)tz
לְהַתִּיק,lehat(i)k
לְהִינָּתֵק,lehinat(e)k
לְהִתְנַתֵּק,lehitnat(e)k
לְנַתֵּק,lenat(e)k
לְנַתֵּר,lenat(e)R
לְהַתִּיר,lehat(i)R
לְהַתִּישׁ,lehat(i)x
לְהִסְתָּאֵב,lehista'(e)v
לִסְאוֹן,lis'(o)n
לְהִסְתּוֹבֵב,lehistov(e)v
לְהִיסּוֹב,lehis(o)v
לְסוֹבֵב,lesov(e)v
לָסוֹב,las(o)v
לְסַבֵּב,lesab(e)v
לְהָסֵב,lehas(e)v
לְסַבֵּךְ,lesab(e)H
לְהִסְתַּבֵּךְ,lehistab(e)H
לִסְבּוֹל,lisb(o)l
לְסַבְּלֵט,lesabl(e)t
לְסַבֵּן,lesab(e)n
לְהִסְתַּבֵּן,lehistab(e)n
לְסַבְסֵד,lesavs(e)d
לְהַסְבִּיר,lehasb(i)R
לִסְבּוֹר,lisb(o)R
לְהִסְתַּבֵּר,lehistab(e)R
לִסְגּוֹד,lisg(o)d
לְסַגֵּל,lesag(e)l
לְהִסְתַּגֵּל,lehistag(e)l
לְסַגְנֵן,lesagn(e)n
לְסַגְסֵג,lesags(e)g
לְהִסְתַּגֵּף,lehistag(e)f
לְסַגֵּף,lesag(e)f
לִסְגּוֹר,lisg(o)R
לְהִיסָּגֵר,lehisag(e)R
לְהַסְגִּיר,lehasg(i)R
לְהִסְתַּגֵּר,lehistag(e)R
לְהִיסָּדֵק,lehisad(e)k
לְסַדֵּק,lesad(e)k
לִסְדּוֹק,lisd(o)k
לְסַדֵּר,lesad(e)R
לְהַסְדִּיר,lehasd(i)R
לְהִסְתַּדֵּר,lehistad(e)R
לָסֶגֶת,las(e)get
לְסַווֵּג,lesav(e)g
לְהִסְתּוֹדֵד,lehistod(e)d
לְהַסְווֹת,lehasv(o)t
לָסוּר,las(u)R
לְהָסִית,lehas(i)t
לִסְחוֹב,lisH(o)v
לְהִיסָּחֵב,lehisaH(e)v
לִסְחוֹט,lisH(o)t
לְהִיסָּחֵט,lehisaH(e)t
לִסְחוֹף,lisH(o)f
לְהִיסָּחֵף,lehisaH(e)f
לִסְחוֹר,lisH(o)R
לְהִיסָּחֵר,lehisaH(e)R
לְסַחְרֵר,lesaHR(e)R
לְהִסְתַּחְרֵר,lehistaHR(e)R
לִסְטוֹת,list(o)t
לִסְטוֹר,list(o)R
לְהִסְתַּייֵּג,lehistay(e)g
לְסַייֵּג,lesay(e)g
לְסַייֵּד,lesay(e)d
לְהָסִיחַ,lehas(i)aH
לָסִיחַ,las(i)aH
לְהָסִיט,lehas(i)t
לְהִסְתַּייֵּם,lehistay(e)m
לְסַייֵּם,lesay(e)m
לְסַייֵּעַ,lesay(e)a
לְהִסְתַּייֵּעַ,lehistay(e)a
לְהָסִיר,lehas(i)R
לְסַייֵּר,lesay(e)R
לִסְכּוֹךְ,lisk(o)H
לְסוֹכֵךְ,lesoH(e)H
לְסַכֵּךְ,lesak(e)H
לְסַכֵּל,lesak(e)l
לְהִסְתַּכֵּל,lehistak(e)l
לְסַכֵּם,lesak(e)m
לְהַסְכִּים,lehask(i)m
לִסְכּוֹם,lisk(o)m
לְהִסְתַּכֵּם,lehistak(e)m
לְסַכֵּן,lesak(e)n
לְהַסְכִּין,lehask(i)n
לְהִסְתַּכֵּן,lehistak(e)n
לְהִסְתַּכְסֵךְ,lehistaHs(e)H
לְסַכְסֵךְ,lesaHs(e)H
לִסְכּוֹר,lisk(o)R
לְהַסְכִּית,lehask(i)t
לְהִסְתַּלְבֵּט,lehistalb(e)t
לִסְלוֹד,lisl(o)d
לִסְלוֹחַ,lisl(o)aH
לְהִיסָּלֵחַ,lehisal(e)aH
לְהִיסָּלֵל,lehisal(e)l
לִסְלוֹל,lisl(o)l
לְהַסְלִים,lehasl(i)m
לְהִסְתַּלְסֵל,lehistals(e)l
לְסַלְסֵל,lesals(e)l
לְסַלֵּף,lesal(e)f
לְסַלֵּק,lesal(e)k
לְהִסְתַּלֵּק,lehistal(e)k
לְסַמֵּא,lesam(e)
לְהִסְתַּמֵּא,lehistam(e)
לִסְמוֹךְ,lism(o)H
לְהִיסָּמֵךְ,lehisam(e)H
לְהַסְמִיךְ,lehasm(i)H
לְהִסְתַּמֵּךְ,lehistam(e)H
לְסַמֵּל,lesam(e)l
לְסַמֵּם,lesam(e)m
לְסַמֵּן,lesam(e)n
לְהִסְתַּמֵּן,lehistam(e)n
לְסַמֵּס,lesam(e)s
לְסַמְפֵּט,lesamp(e)t
לְהַסְמִיק,lehasm(i)k
לִסְמוֹר,lism(o)R
לְסַמֵּר,lesam(e)R
לְסַמְרֵר,lesamR(e)R
לְסַנְגֵּר,lesang(e)R
לְסַנְדֵּל,lesand(e)l
לְהִסְתַּנְווֵר,lehistanv(e)R
לְסַנְווֵר,lesanv(e)R
לְהִסְתַּנְווֵר,lehistanv(e)R
לְסַנְכְּרֵן,lesankR(e)n
לְהִסְתַּנְכְּרֵן,lehistankR(e)n
לְסַנֵּן,lesan(e)n
לְהִסְתַּנֵּן,lehistan(e)n
לְסַנֵּף,lesan(e)f
לְהִסְתַּנֵּף,lehistan(e)f
לִסְעוֹד,lis'(o)d
לְהִסְתַּעֵף,lehista'(e)f
לְהִיסָּעֵר,lehisa'(e)R
לְהִסְתַּעֵר,lehista'(e)R
לְהַסְעִיר,lehas'(i)R
לִסְעוֹר,lis'(o)R
לִסְפּוֹג,lisp(o)g
לְהִיסָּפֵג,lehisaf(e)g
לְהַסְפִּיג,lehasp(i)g
לִסְפּוֹד,lisp(o)d
לְהִיסָּפֵד,lehisaf(e)d
לְהַסְפִּיד,lehasp(i)d
לְסַפֵּחַ,lesap(e)aH
לְהִיסָּפֵחַ,lehisaf(e)aH
לִסְפּוֹחַ,lisp(o)aH
לְהִסְתַּפֵּחַ,lehistap(e)aH
לִסְפּוֹת,lisp(o)t
לְהִיסָּפוֹת,lehisaf(o)t
לִסְפּוֹן,lisp(o)n
לְסַפְסֵר,lesafs(e)R
לְסַפֵּק,lesap(e)k
לְהִסְתַּפֵּק,lehistap(e)k
לְהַסְפִּיק,lehasp(i)k
לִסְפּוֹק,lisp(o)k
לִסְפּוֹר,lisp(o)R
לְהִסְתַּפֵּר,lehistap(e)R
לְהִיסָּפֵר,lehisaf(e)R
לְסַפֵּר,lesap(e)R
לְסַפְרֵת,lesafR(e)t
לִסְקוֹל,lisk(o)l
לְסַקֵּל,lesak(e)l
לְהִיסָּקֵל,lehisak(e)l
לִסְקוֹר,lisk(o)R
לְסַקֵּר,lesak(e)R
לְהִיסָּקֵר,lehisak(e)R
לְסַקְרֵן,lesakR(e)n
לְהִסְתַּקְרֵן,lehistakR(e)n
לְסָרֵב,lesaR(e)v
לְסַרְבֵּל,lesaRb(e)l
לִסְרוֹג,lisR(o)g
לְהִיסָּרֵג,lehisaR(e)g
לְהַסְרִיחַ,lehasR(i)aH
לִסְרוֹט,lisR(o)t
לְהִיסָּרֵט,lehisaR(e)t
לְהַסְרִיט,lehasR(i)t
לְסָרֵס,lesaR(e)s
לְהִיסָּרֵק,lehisaR(e)k
לְסָרֵק,lesaR(e)k
לְהִסְתָּרֵק,lehistaR(e)k
לִסְרוֹק,lisR(o)k
לְהִיסָּתֵם,lehisat(e)m
לִסְתּוֹם,list(o)m
לְהִיסָּתֵר,lehisat(e)R
לִסְתּוֹר,list(o)R
לְהִסְתַּתֵּר,lehistat(e)R
לְהַסְתִּיר,lehast(i)R
לְסַתֵּת,lesat(e)t
לְעַבֵּד,le'ab(e)d
לְהַעֲבִיד,leha'av(i)d
לַעֲבוֹד,la'av(o)d
לְעַבּוֹת,le'ab(o)t
לְהִתְעַבּוֹת,lehit'ab(o)t
לַעֲבוֹת,la'av(o)t
לְהַעֲבִיר,leha'av(i)R
לְעַבֵּר,le'ab(e)R
לְהִתְעַבֵּר,lehit'ab(e)R
לַעֲבוֹר,la'av(o)R
לְעַבְרֵת,le'avR(e)t
לְהִתְעַבְרֵת,lehit'avR(e)t
לְהִתְעַבֵּשׁ,lehit'ab(e)x
לַעֲגוֹב,la'ag(o)v
לְעַגֵּל,le'ag(e)l
לְהִתְעַגֵּל,lehit'ag(e)l
לְעַגֵּן,le'ag(e)n
לַעֲגוֹן,la'ag(o)n
לְהִתְעַדְכֵּן,lehit'adk(e)n
לְעַדְכֵּן,le'adk(e)n
לְהִתְעַדֵּן,lehit'ad(e)n
לְעַדֵּן,le'ad(e)n
לְהַעֲדִיף,leha'ad(i)f
לְהֵיעָדֵר,lehe'ad(e)R
לַעֲדוֹר,la'ad(o)R
לְהָעִיב,leha'(i)v
לָעוּג,la'(u)g
לְהִתְעוֹדֵד,lehit'od(e)d
לְהָעִיד,leha'(i)d
לְעוֹדֵד,le'od(e)d
לְהָעִיז,leha'(i)z
לָעוּט,la'(u)t
לְעַוּוֹת,le'av(o)t
לְהַעֲווֹת,leha'av(o)t
לְהָעִיף,leha'(i)f
לָעוּף,la'(u)f
לְהִתְעוֹפֵף,lehit'of(e)f
לְעוֹפֵף,le'of(e)f
לְהָעִיק,leha'(i)k
לְהִתְעוֹרֵר,lehit'oR(e)R
לְהֵיעוֹר,lehe'(o)R
לְהָעִיר,leha'(i)R
לְעוֹרֵר,le'oR(e)R
לְהִתְעַווֵּר,lehit'av(e)R
לָעוּר,la'(u)R
לְעַווֵּר,le'av(e)R
לְהִתְעַווֵּת,lehit'av(e)t
לְעַווֵּת,le'av(e)t
לַעֲזוֹב,la'az(o)v
לְהֵיעָזֵב,lehe'az(e)v
לְהָעֵז,leha'(e)z
לְהֵיעָזֵר,lehe'az(e)R
לַעֲזוֹר,la'az(o)R
לַעֲטוֹת,la'at(o)t
לְהַעֲטוֹת,leha'at(o)t
לַעֲטוֹף,la'at(o)f
לְהֵיעָטֵף,lehe'at(e)f
לְהִתְעַטֵּף,lehit'at(e)f
לְעַטֵּר,le'at(e)R
לְהֵיעָטֵר,lehe'at(e)R
לַעֲטוֹר,la'at(o)R
לְהִתְעַטֵּשׁ,lehit'at(e)x
לְעַייֵּן,le'ay(e)n
לַעֲיוֹן,la'ay(o)n
עָייֵף,ay(e)f
לְהִתְעַייֵּף,lehit'ay(e)f
לְעַייֵּף,le'ay(e)f
לְעַכֵּב,le'ak(e)v
לְהִתְעַכֵּב,lehit'ak(e)v
לְעַכֵּל,le'ak(e)l
לְהִתְעַכֵּל,lehit'ak(e)l
לְהֵיעָכֵל,lehe'aH(e)l
לְהֵיעָכֵר,lehe'aH(e)R
לְהַעֲכִיר,leha'aH(i)R
לַעֲכוֹר,la'aH(o)R
לְהֵיעָלֵב,lehe'al(e)v
לְהַעֲלִיב,leha'al(i)v
לַעֲלוֹב,la'al(o)v
לַעֲלוֹז,la'al(o)z
לְהִתְעַלּוֹת,lehit'al(o)t
לְהַעֲלוֹת,leha'al(o)t
לַעֲלוֹת,la'al(o)t
לְהִתְעַלֵּל,lehit'al(e)l
לְעוֹלֵל,le'ol(e)l
לְהַעֲלִיל,leha'al(i)l
לְהֵיעָלֵם,lehe'al(e)m
לְהַעֲלִים,leha'al(i)m
לְהִתְעַלֵּם,lehit'al(e)m
לְהִתְעַלֵּס,lehit'al(e)s
לְעַלְעֵל,le'al'(e)l
לְעַלֵּף,le'al(e)f
לְהִתְעַלֵּף,lehit'al(e)f
לְהִתְעַלֵּק,lehit'al(e)k
לַעֲמוֹד,la'am(o)d
לְהֵיעָמֵד,lehe'am(e)d
לְהַעֲמִיד,leha'am(i)d
לְעַמֵּד,le'am(e)d
לְהִתְעַמֵּל,lehit'am(e)l
לַעֲמוֹל,la'am(o)l
לְעַמֵּם,le'am(e)m
מוּעָם,mu'(a)m
לַעֲמוֹם,la'am(o)m
לְהַעֲמִיס,leha'am(i)s
לַעֲמוֹס,la'am(o)s
לְעַמְעֵם,le'am'(e)m
לְהִתְעַמְעֵם,lehit'am'(e)m
לְהַעֲמִיק,leha'am(i)k
לְהִתְעַמֵּק,lehit'am(e)k
לַעֲמוֹק,la'am(o)k
לְהִתְעַמֵּר,lehit'am(e)R
לְהִתְעַמֵּת,lehit'am(e)t
לְעַמֵּת,le'am(e)t
לַעֲנוֹב,la'an(o)v
לְעַנֵּג,le'an(e)g
לְהִתְעַנֵּג,lehit'an(e)g
לַעֲנוֹד,la'an(o)d
לַעֲנוֹת,la'an(o)t
לְעַנּוֹת,le'an(o)t
לְהִתְעַנּוֹת,lehit'an(o)t
לְהֵיעָנוֹת,lehe'an(o)t
לְעַנְייֵן,le'any(e)n
לְהִתְעַנְייֵן,lehit'any(e)n
לְהִתְעַנֵּן,lehit'an(e)n
לְהַעֲנִיק,leha'an(i)k
לְהֵיעָנֵשׁ,lehe'an(e)x
לְהַעֲנִישׁ,leha'an(i)x
לַעֲנוֹשׁ,la'an(o)x
לְעַסּוֹת,le'as(o)t
לְהִתְעַסֵּק,lehit'as(e)k
לְהַעֲסִיק,leha'as(i)k
לַעֲסוֹק,la'as(o)k
לְהַעְפִּיל,leha'ap(i)l
לְעַפְעֵף,le'af'(e)f
לְהַעֲצִיב,leha'atz(i)v
לְהֵיעָצֵב,lehe'atz(e)v
לְעַצֵּב,le'atz(e)v
לְהִתְעַצֵּב,lehit'atz(e)v
לְהִתְעַצְבֵּן,lehit'atzb(e)n
לְעַצְבֵּן,le'atzb(e)n
לְהִתְעַצֵּל,lehit'atz(e)l
לַעֲצוֹם,la'atz(o)m
לְהֵיעָצֵם,lehe'atz(e)m
לְהִתְעַצֵּם,lehit'atz(e)m
לְהַעֲצִים,leha'atz(i)m
לַעֲצוֹר,la'atz(o)R
לְהֵיעָצֵר,lehe'atz(e)R
לַעֲקוֹב,la'ak(o)v
לַעֲקוֹד,la'ak(o)d
לְהִתְעַקֵּל,lehit'ak(e)l
לְעַקֵּל,le'ak(e)l
לְעַקֵּם,le'ak(e)m
לְהִתְעַקֵּם,lehit'ak(e)m
לְהֵיעָקֵף,lehe'ak(e)f
לַעֲקוֹף,la'ak(o)f
לַעֲקוֹץ,la'ak(o)tz
לְהֵיעָקֵץ,lehe'ak(e)tz
לְהֵיעָקֵר,lehe'ak(e)R
לְעַקֵּר,le'ak(e)R
לַעֲקוֹר,la'ak(o)R
לְהִתְעַקֵּשׁ,lehit'ak(e)x
לַעֲרוֹב,la'aR(o)v
לְעָרֵב,le'aR(e)v
עָרֵב,aR(e)v
לְהִתְעָרֵב,lehit'aR(e)v
לְעַרְבֵּב,le'aRb(e)v
לְהִתְעַרְבֵּב,lehit'aRb(e)v
לְהִתְעַרְבֵּל,lehit'aRb(e)l
לְעַרְבֵּל,le'aRb(e)l
לַעֲרוֹג,la'aR(o)g
לְעַרְגֵּל,le'aRg(e)l
לְעַרְטֵל,le'aRt(e)l
לַעֲרוֹךְ,la'aR(o)H
לְהֵיעָרֵךְ,lehe'aR(e)H
לְהַעֲרִיךְ,leha'aR(i)H
לַעֲרוֹם,la'aR(o)m
לְהֵיעָרֵם,lehe'aR(e)m
לְהַעֲרִים,leha'aR(i)m
לְעַרְעֵר,le'aR'(e)R
לְהִתְעַרְעֵר,lehit'aR'(e)R
לַעֲרוֹף,la'aR(o)f
לְעַרְפֵּל,le'aRp(e)l
לְהַעֲרִיץ,leha'aR(i)tz
לְהֵיעָרֵץ,lehe'aR(e)tz
לַעֲרוֹק,la'aR(o)k
לַעֲרוֹר,la'aR(o)R
לְעַשֵּׂב,le'as(e)v
לַעֲשׂוֹת,la'as(o)t
לְהֵיעָשׂוֹת,lehe'as(o)t
לְעַשּׂוֹת,le'as(o)t
מְעוּשֶּׂה,me'us(e)
לְעַשֵּׁן,le'ax(e)n
לַעֲשׁוֹק,la'ax(o)k
לְהַעֲשִׁיר,leha'ax(i)R
לְהִתְעַשֵּׁר,lehit'ax(e)R
לְעַשֵּׂר,le'as(e)R
לְהִתְעַשֵּׁת,lehit'ax(e)t
לְהִתְעַתֵּד,lehit'at(e)d
לְהַעְתִּיק,leha'at(i)k
לְהֵיעָתֵק,lehe'at(e)k
לַעֲתוֹר,la'at(o)R
לְהֵיעָתֵר,lehe'at(e)R
לְהַעֲתִיר,leha'at(i)R
לְהַעֲתִיר,leha'at(i)R
לְפָאֵר,lefa'(e)R
לְהִתְפָּאֵר,lehitpa'(e)R
לְפַבְּרֵק,lefabR(e)k
לְהַפְגִּיז,lehafg(i)z
לְהִיפָּגֵם,lehipag(e)m
לִפְגּוֹם,lifg(o)m
לְהַפְגִּין,lehafg(i)n
לְהִיפָּגֵעַ,lehipag(e)a
לִפְגּוֹעַ,lifg(o)a
לְהַפְגִּיעַ,lehafg(i)a
לִפְגּוֹר,lifg(o)R
לְפַגֵּר,lefag(e)R
לְהִתְפַּגֵּר,lehitpag(e)R
לִפְגּוֹשׁ,lifg(o)x
לְהִיפָּגֵשׁ,lehipag(e)x
לְהַפְגִּישׁ,lehafg(i)x
לְהִתְפַדֵּחַ,lehitfad(e)aH
לְהִיפָּדוֹת,lehipad(o)t
לִפְדּוֹת,lifd(o)t
לְפַדֵּר,lefad(e)R
לְהִתְפַּדֵּר,lehitpad(e)R
לְפַהֵק,lefah(e)k
לָפוּג,laf(u)g
לְהָפִיג,lehaf(i)g
לְהִתְפּוֹגֵג,lehitpog(e)g
לְהָפִיחַ,lehaf(i)aH
לְהָפִיץ,lehaf(i)tz
לְהִיפֵּץ,lehip(e)tz
לְהִיפּוֹץ,lehip(o)tz
לָפוּץ,laf(u)tz
לְהָפִיק,lehaf(i)k
לְפוֹרֵר,lefoR(e)R
לִפְזוֹל,lifz(o)l
לְפַזֵּם,lefaz(e)m
לְהִתְפַּזֵּר,lehitpaz(e)R
לְפַזֵּר,lefaz(e)R
לִפְחוֹד,lifH(o)d
לְהַפְחִיד,lehafH(i)d
לְפַחֵד,lefaH(e)d
לִפְחוֹז,lifH(o)z
לְפַחֵם,lefaH(e)m
לְהִתְפַּחֵם,lehitpaH(e)m
לִפְחוֹס,lifH(o)s
לִפְחוֹת,lifH(o)t
לְהַפְחִית,lehafH(i)t
לְפַטֵּם,lefat(e)m
לְהִתְפַּטֵּם,lehitpat(e)m
לְפַטְפֵּט,lefatp(e)t
לְהִיפָּטֵר,lehipat(e)R
לְפַטֵּר,lefat(e)R
לְהִתְפַּטֵּר,lehitpat(e)R
לִפְטוֹר,lift(o)R
לְהַפְטִיר,lehaft(i)R
לְפַייֵּחַ,lefay(e)aH
לְהִתְפַּייֵּס,lehitpay(e)s
לְפַייֵּס,lefay(e)s
לְהִתְפַּכֵּחַ,lehitpak(e)aH
לְפַכּוֹת,lefak(o)t
לְהִתְפַּלֵּא,lehitpal(e)
לְהַפְלִיא,lehafl(i)
לְהִיפָּלֵא,lehipal(e)
לְפַלֵּג,lefal(e)g
לְהִתְפַּלֵּג,lehitpal(e)g
לְהַפְלִיג,lehafl(i)g
לְהִיפָּלֵג,lehipal(e)g
לְפַלֵּחַ,lefal(e)aH
לִפְלוֹחַ,lifl(o)aH
לְהִיפָּלֵט,lehipal(e)t
לִפְלוֹט,lifl(o)t
לְהַפְלִיט,lehafl(i)t
לְהַפְלוֹת,lehafl(o)t
לְהַפְלִיל,lehafl(i)l
לְפַלֵּל,lefal(e)l
לְהִתְפַּלֵּל,lehitpal(e)l
לְפַלֵּס,lefal(e)s
לְהִתְפַּלְסֵף,lehitpals(e)f
לְפַלְפֵּל,lefalp(e)l
לְהִתְפַּלְפֵּל,lehitpalp(e)l
לְהַפְלִיץ,lehafl(i)tz
לְהִתְפַּלֵּץ,lehitpal(e)tz
לִפְלַרְטֵט,liflaRt(e)t
לִפְלוֹשׁ,lifl(o)x
לְהִתְפַּלֵּשׁ,lehitpal(e)x
לְפַמְפֵּם,lefamp(e)m
לְפַנְטֵז,lefant(e)z
לִפְנוֹת,lifn(o)t
לְהִיפָּנוֹת,lehipan(o)t
לְפַנּוֹת,lefan(o)t
לְהַפְנוֹת,lehafn(o)t
לְהִתְפַּנּוֹת,lehitpan(o)t
לְהַפְנִים,lehafn(i)m
לְפַנֵּק,lefan(e)k
לְהִתְפַּנֵּק,lehitpan(e)k
לְהַפְסִיד,lehafs(i)d
לִפְסוֹחַ,lifs(o)aH
לְהִיפָּסֵחַ,lehipas(e)aH
לְפַסְטֵר,lefast(e)R
לְפַסֵּל,lefas(e)l
לְהִיפָּסֵל,lehipas(e)l
לִפְסוֹל,lifs(o)l
פַּס,p(a)s
לִפְסוֹעַ,lifs(o)a
לְפַסְפֵס,lefasf(e)s
לְהִתְפַסְפֵס,lehitfasf(e)s
לְהִיפָּסֵק,lehipas(e)k
לְהַפְסִיק,lehafs(i)k
לִפְסוֹק,lifs(o)k
לִפְעוֹת,lif'(o)t
לִפְעוֹל,lif'(o)l
לְהַפְעִיל,lehaf'(i)l
לְהִתְפַּעֵל,lehitpa'(e)l
לְהִתְפַּעֵם,lehitpa'(e)m
לִפְעוֹם,lif'(o)m
לְהִיפָּעֵם,lehipa'(e)m
לְהַפְעִים,lehaf'(i)m
לְפַעֵם,lefa'(e)m
לְפַעְנֵחַ,lefa'an(e)aH
לְפַעְפֵּעַ,lefa'ap(e)a
לִפְעוֹר,lif'(o)R
לְהִיפָּעֵר,lehipa'(e)R
לְפַצֵּחַ,lefatz(e)aH
לִפְצוֹת,liftz(o)t
לְפַצּוֹת,lefatz(o)t
לְפַצֵּל,lefatz(e)l
לְהִתְפַּצֵּל,lehitpatz(e)l
לְהִיפָּצֵעַ,lehipatz(e)a
לִפְצוֹעַ,liftz(o)a
לְהַפְצִיעַ,lehaftz(i)a
לְפַצְפֵּץ,lefatzp(e)tz
לְהִתְפַּצְפֵּץ,lehitpatzp(e)tz
לְפוֹצֵץ,lefotz(e)tz
לְהַפְצִיץ,lehaftz(i)tz
לְהִתְפּוֹצֵץ,lehitpotz(e)tz
לְהַפְצִיר,lehaftz(i)R
לְהִיפָּקֵד,lehipak(e)d
לְפַקֵּד,lefak(e)d
לְהַפְקִיד,lehafk(i)d
לִפְקוֹד,lifk(o)d
לְהִתְפַּקֵּד,lehitpak(e)d
לִפְקוֹחַ,lifk(o)aH
לְהִיפָּקֵחַ,lehipak(e)aH
לְפַקֵּחַ,lefak(e)aH
לְהִתְפַּקֵּחַ,lehitpak(e)aH
לְפַקְסֵס,lefaks(e)s
לְהַפְקִיעַ,lehafk(i)a
לְהִתְפַּקֵּעַ,lehitpak(e)a
לִפְקוֹעַ,lifk(o)a
לְפַקְפֵּק,lefakp(e)k
לְהַפְקִיר,lehafk(i)R
לְהִתְפַקְשֵׁשׁ,lehitfakx(e)x
לְפַרְגֵּן,lefaRg(e)n
לְהַפְרִיד,lehafR(i)d
לְהִיפָּרֵד,lehipaR(e)d
לְפָרֵז,lefaR(e)z
לְהַפְרִיז,lehafR(i)z
לִפְרוֹחַ,lifR(o)aH
לְהַפְרִיחַ,lehafR(i)aH
לְהִיפָּרֵט,lehipaR(e)t
לְפָרֵט,lefaR(e)t
לְהַפְרִיט,lehafR(i)t
לִפְרוֹט,lifR(o)t
לִפְרוֹת,lifR(o)t
לְהַפְרוֹת,lehafR(o)t
לְהַפְרִיךְ,lehafR(i)H
לְפָרֵךְ,lefaR(e)H
לְפַרְכֵּס,lefaRk(e)s
לְהִתְפַּרְכֵּס,lehitpaRk(e)s
לְהִיפָּרֵם,lehipaR(e)m
לִפְרוֹם,lifR(o)m
לְפַרְמֵט,lefaRm(e)t
לְהִתְפַּרְנֵס,lehitpaRn(e)s
לְפַרְנֵס,lefaRn(e)s
לִפְרוֹס,lifR(o)s
לְהִיפָּרֵס,lehipaR(e)s
לְהִתְפָּרֵס,lehitpaR(e)s
לְהִתְפַּרְסֵם,lehitpaRs(e)m
לְפַרְסֵם,lefaRs(e)m
לְהִתְפָּרֵעַ,lehitpaR(e)a
לְהַפְרִיעַ,lehafR(i)a
לִפְרוֹעַ,lifR(o)a
לְהִיפָּרֵעַ,lehipaR(e)a
לִפְרוֹף,lifR(o)f
לְהִתְפַּרְפֵּר,lehitpaRp(e)R
לְפַרְפֵּר,lefaRp(e)R
לִפְרוֹץ,lifR(o)tz
לְהִיפָּרֵץ,lehipaR(e)tz
לְהִתְפָּרֵץ,lehitpaR(e)tz
לְפָרֵק,lefaR(e)k
לְהִתְפָּרֵק,lehitpaR(e)k
לִפְרוֹק,lifR(o)k
לְהִיפָּרֵק,lehipaR(e)k
לְפַרְקֵד,lefaRk(e)d
לְהִתְפּוֹרֵר,lehitpoR(e)R
לְהָפֵר,lehaf(e)R
לְהַפְרִישׁ,lehafR(i)x
לְפָרֵשׁ,lefaR(e)x
לְהִיפָּרֵשׂ,lehipaR(e)s
לְהִתְפָּרֵשׁ,lehitpaR(e)x
לִפְרוֹשׁ,lifR(o)x
לִפְרוֹשׂ,lifR(o)s
לְפַרְשֵׁן,lefaRx(e)n
לְפַשֵּׁט,lefax(e)t
לְהַפְשִׁיט,lehafx(i)t
לִפְשׁוֹט,lifx(o)t
לְהִיפָּשֵׁט,lehipax(e)t
לְהִתְפַּשֵּׁט,lehitpax(e)t
לִפְשׂוֹת,lifs(o)t
לְהִתְפַשֵּׁל,lehitfax(e)l
לְהַפְשִׁיל,lehafx(i)l
לְפַשֵּׁל,lefax(e)l
לִפְשׁוֹעַ,lifx(o)a
לְפַשְׁפֵּשׁ,lefaxp(e)x
לִפְשׁוֹק,lifx(o)k
לִפְשׂוֹק,lifs(o)k
לְפַשֵּׂק,lefas(e)k
לְפַשֵּׁר,lefax(e)R
לְהִתְפַּשֵּׁר,lehitpax(e)R
לְהַפְשִׁיר,lehafx(i)R
לְהִיפָּתֵחַ,lehipat(e)aH
לְפַתֵּחַ,lefat(e)aH
לְהִתְפַּתֵּחַ,lehitpat(e)aH
לִפְתּוֹחַ,lift(o)aH
לְפַתּוֹת,lefat(o)t
לְהִתְפַּתּוֹת,lehitpat(o)t
לְפַתֵּל,lefat(e)l
לְהִתְפַּתֵּל,lehitpat(e)l
לְהַפְתִּיעַ,lehaft(i)a
לִפְתּוֹר,lift(o)R
לְהִיפָּתֵר,lehipat(e)R
לְהַצְבִּיא,lehatzb(i)
לִצְבּוֹט,litzb(o)t
לְהִיצָּבֵט,lehitzav(e)t
לִצְבּוֹעַ,litzb(o)a
לְהִיצָּבֵעַ,lehitzav(e)a
לְהַצְבִּיעַ,lehatzb(i)a
לִצְבּוֹר,litzb(o)R
לְהִיצָּבֵר,lehitzav(e)R
לְהִצְטַבֵּר,lehitztab(e)R
לְצַדֵּד,letzad(e)d
לְהַצְדִּיעַ,lehatzd(i)a
לְהִצְטַדֵּק,lehitztad(e)k
לִצְדּוֹק,litzd(o)k
לְהַצְדִּיק,lehatzd(i)k
לְצַדֵּק,letzad(e)k
לְהַצְהִיב,lehatzh(i)v
לִצְהוֹל,litzh(o)l
לְהַצְהִיר,lehatzh(i)R
לָצוּד,latz(u)d
לְהִיצּוֹד,lehitz(o)d
לִצְווֹחַ,litzv(o)aH
לְצַווֵּחַ,letzav(e)aH
לְהִצְטַוּוֹת,lehitztav(o)t
לְצַוּוֹת,letzav(o)t
לָצוּם,latz(u)m
לָצוּף,latz(u)f
לְהָצִיף,lehatz(i)f
לְהָצִיץ,lehatz(i)tz
לָצוּץ,latz(u)tz
לְהָצִיק,lehatz(i)k
לָצוּר,latz(u)R
לְצַחְצֵחַ,letzaHtz(e)aH
לִצְחוֹק,litzH(o)k
לְהַצְחִיק,lehatzH(i)k
לְצַחֵק,letzaH(e)k
לְהִצְטַחֵק,lehitztaH(e)k
לְצַחְקֵק,letzaHk(e)k
לְצַטֵּט,letzat(e)t
לְצַייֵּד,letzay(e)d
לְהִצְטַייֵּד,lehitztay(e)d
לְצַייֵּן,letzay(e)n
לְהִצְטַייֵּן,lehitztay(e)n
לְצַייֵּץ,letzay(e)tz
לְהִצְטַייֵּר,lehitztay(e)R
לְצַייֵּר,letzay(e)R
לְצַייֵּת,letzay(e)t
לְהִצְטַלֵּב,lehitztal(e)v
לְהַצְלִיב,lehatzl(i)v
לִצְלוֹחַ,litzl(o)aH
לְהַצְלִיחַ,lehatzl(i)aH
לְהִיצָּלוֹת,lehitzal(o)t
לִצְלוֹת,litzl(o)t
לִצְלוֹל,litzl(o)l
לְהָצֵל,lehatz(e)l
לְהִצְטַלֵּל,lehitztal(e)l
לְצַלֵּם,letzal(e)m
לְהִצְטַלֵּם,lehitztal(e)m
לִצְלוֹעַ,litzl(o)a
לְהַצְלִיף,lehatzl(i)f
לִצְלוֹף,litzl(o)f
לְצַלְצֵל,letzaltz(e)l
לִצְמוֹא,litzm(o)
לְהַצְמִיד,lehatzm(i)d
לְהִיצָּמֵד,lehitzam(e)d
לִצְמוֹחַ,litzm(o)aH
לְהַצְמִיחַ,lehatzm(i)aH
לְהִצְטַמְצֵם,lehitztamtz(e)m
לְצַמְצֵם,letzamtz(e)m
לְהִצְטַמֵּק,lehitztam(e)k
לְהִצְטַמְרֵר,lehitztamR(e)R
לְצַמְרֵר,letzamR(e)R
לִצְמוֹת,litzm(o)t
לְהַצְמִית,lehatzm(i)t
לְצַנְזֵר,letzanz(e)R
לִצְנוֹחַ,litzn(o)aH
לְהַצְנִיחַ,lehatzn(i)aH
לְצַנֵּן,letzan(e)n
לְהִצְטַנֵּן,lehitztan(e)n
לְהָצֵן,lehatz(e)n
לְהִצְטַנֵּעַ,lehitztan(e)a
לְהַצְנִיעַ,lehatzn(i)a
לְהַצְנִיף,lehatzn(i)f
לְהִצְטַנֵּף,lehitztan(e)f
לִצְנוֹף,litzn(o)f
לְצַנְרֵר,letzanR(e)R
לְצַנְתֵּר,letzant(e)R
לִצְעוֹד,litz'(o)d
לְהַצְעִיד,lehatz'(i)d
לִצְעוֹת,litz'(o)t
לִצְעוֹן,litz'(o)n
לִצְעוֹק,litz'(o)k
לְהִצְטַעֵק,lehitzta'(e)k
לְצַעֵר,letza'(e)R
לְהִצְטַעֵר,lehitzta'(e)R
לְהִיצָּפוֹת,lehitzaf(o)t
לְצַפּוֹת,letzap(o)t
לִצְפּוֹת,litzp(o)t
לִצְפּוֹן,litzp(o)n
לְהִיצָּפֵן,lehitzaf(e)n
לְהַצְפִּין,lehatzp(i)n
לְצוֹפֵף,letzof(e)f
לְהִצְטוֹפֵף,lehitztof(e)f
לְצַפְצֵף,letzaftz(e)f
לִצְפּוֹר,litzp(o)R
לְצַקְצֵק,letzaktz(e)k
לִצְרוֹב,litzR(o)v
לְהִיצָּרֵב,lehitzaR(e)v
לְהִצְטָרֵד,lehitztaR(e)d
לִצְרוֹחַ,litzR(o)aH
לְהִצְטָרֵךְ,lehitztaR(e)H
לִצְרוֹךְ,litzR(o)H
לְהַצְרִיךְ,lehatzR(i)H
לְהִיצָּרֵךְ,lehitzaR(e)H
לִצְרוֹם,litzR(o)m
לְהִצְטָרֵף,lehitztaR(e)f
לְצָרֵף,letzaR(e)f
לִצְרוֹף,litzR(o)f
לְצַרְצֵר,letzaRtz(e)R
לִצְרוֹר,litzR(o)R
לְהָצֵר,lehatz(e)R
לְצוֹתֵת,letzot(e)t
לִקְבּוֹל,likb(o)l
לְקַבֵּל,lekab(e)l
לְהִתְקַבֵּל,lehitkab(e)l
לְהַקְבִּיל,lehakb(i)l
לְהִיקָּבֵעַ,lehikav(e)a
לְקַבֵּעַ,lekab(e)a
לְהִתְקַבֵּעַ,lehitkab(e)a
לִקְבּוֹעַ,likb(o)a
לְהִיקָּבֵץ,lehikav(e)tz
לְקַבֵּץ,lekab(e)tz
לְהִתְקַבֵּץ,lehitkab(e)tz
לִקְבּוֹץ,likb(o)tz
לִקְבּוֹר,likb(o)R
לְהִיקָּבֵר,lehikav(e)R
לָקוֹד,lak(o)d
לְקַדֵּד,lekad(e)d
לְהַקְדִּיחַ,lehakd(i)aH
לִקְדּוֹחַ,likd(o)aH
לְהִיקָּדֵחַ,lehikad(e)aH
לְקַדֵּם,lekad(e)m
לְהַקְדִּים,lehakd(i)m
לְהִתְקַדֵּם,lehitkad(e)m
לִקְדּוֹם,likd(o)m
לְהִתְקַדֵּר,lehitkad(e)R
לִקְדּוֹר,likd(o)R
לְקַדֵּשׁ,lekad(e)x
לְהִתְקַדֵּשׁ,lehitkad(e)x
לְהַקְדִּישׁ,lehakd(i)x
לְהִתְקַהוֹת,lehitkah(o)t
לְהַקְהוֹת,lehakh(o)t
לְהִתְקַהֵל,lehitkah(e)l
לְהִיקָּהֵל,lehikah(e)l
לְקַווֵּד,lekav(e)d
לְקַוּוֹת,lekav(o)t
לְהִיקָּווֹת,lehikav(o)t
לָקוּם,lak(u)m
לְהָקִים,lehak(i)m
לְקוֹמֵם,lekom(e)m
לְהִתְקוֹמֵם,lehitkom(e)m
לְקוֹנֵן,lekon(e)n
לָקוּץ,lak(u)tz
לְקַזֵּז,lekaz(e)z
לְהִתְקַזֵּז,lehitkaz(e)z
לְקַטֵּב,lekat(e)v
לְהִתְקוֹטֵט,lehitkot(e)t
לִקְטוֹל,likt(o)l
לְהִיקָּטֵל,lehikat(e)l
לְקַטֵּל,lekat(e)l
לְהִתְקַטֵּל,lehitkat(e)l
לִקְטוֹן,likt(o)n
לְהַקְטִין,lehakt(i)n
לִקְטוֹעַ,likt(o)a
לְהִיקָּטֵעַ,lehikat(e)a
לִקְטוֹף,likt(o)f
לְהִיקָּטֵף,lehikat(e)f
לְקַטֵּר,lekat(e)R
לְהַקְטִיר,lehakt(i)R
לְקַטְרֵג,lekatR(e)g
לְהָקִיא,lehak(i)
לְקַייֵּם,lekay(e)m
לְהִתְקַייֵּם,lehitkay(e)m
לְהָקִיץ,lehak(i)tz
לְהַקְלִיד,lehakl(i)d
לְהִתְקַלֵּחַ,lehitkal(e)aH
לִקְלוֹחַ,likl(o)aH
לְקַלֵּחַ,lekal(e)aH
לְהַקְלִיט,lehakl(i)t
לְהִיקָּלֵט,lehikal(e)t
לִקְלוֹט,likl(o)t
לִקְלוֹת,likl(o)t
לְהִיקָּלוֹת,lehikal(o)t
לְקַלֵּל,lekal(e)l
לְהָקֵל,lehak(e)l
לְהִיקָּלֵעַ,lehikal(e)a
לִקְלוֹעַ,likl(o)a
לְקַלֵּף,lekal(e)f
לִקְלוֹף,likl(o)f
לְהִתְקַלֵּף,lehitkal(e)f
לְהַקְלִיק,lehakl(i)k
לְקַלְקֵל,lekalk(e)l
לְהִתְקַלְקֵל,lehitkalk(e)l
לְקַמֵּט,lekam(e)t
לְהִתְקַמֵּט,lehitkam(e)t
לְהִיקָּמֵל,lehikam(e)l
לִקְמוֹל,likm(o)l
לְקַמְפֵּל,lekamp(e)l
לְקַמֵּץ,lekam(e)tz
לִקְמוֹץ,likm(o)tz
לְהִתְקַמֵּץ,lehitkam(e)tz
לְהִתְקַמְצֵן,lehitkamtz(e)n
לְקַמֵּר,lekam(e)R
לְקַנֵּא,lekan(e)
לְהִתְקַנֵּא,lehitkan(e)
לְקַנֵּחַ,lekan(e)aH
לְהַקְנִיט,lehakn(i)t
לְקַנְטֵר,lekant(e)R
לִקְנוֹת,likn(o)t
לְהִיקָּנוֹת,lehikan(o)t
לְהַקְנוֹת,lehakn(o)t
לְקַנֵּן,lekan(e)n
לִקְנוֹס,likn(o)s
לְהִיקָּנֵס,lehikan(e)s
לִקְסוֹם,liks(o)m
לְהַקְסִים,lehaks(i)m
לְקַעְקֵעַ,leka'ak(e)a
לְהִיקָּפֵא,lehikaf(e)
לְהַקְפִּיא,lehakp(i)
לִקְפּוֹא,likp(o)
לְקַפֵּד,lekap(e)d
לְהַקְפִּיד,lehakp(i)d
לְקַפֵּחַ,lekap(e)aH
לִקְפּוֹחַ,likp(o)aH
לְקַפּוֹת,lekap(o)t
לְקַפֵּל,lekap(e)l
לְהִתְקַפֵּל,lehitkap(e)l
לְהַקְפִּיץ,lehakp(i)tz
לִקְפּוֹץ,likp(o)tz
לְקַפֵּץ,lekap(e)tz
לְהַקְצִיב,lehaktz(i)v
לִקְצוֹב,liktz(o)v
לְהַקְצוֹת,lehaktz(o)t
לְהַקְצִין,lehaktz(i)n
לְהַקְצִיעַ,lehaktz(i)a
לִקְצוֹף,liktz(o)f
לְהַקְצִיף,lehaktz(i)f
לְקַצֵּץ,lekatz(e)tz
לִקְצוֹץ,liktz(o)tz
לִקְצוֹר,liktz(o)R
לְהִיקָּצֵר,lehikatz(e)R
לְקַצֵּר,lekatz(e)R
לְהִתְקַצֵּר,lehitkatz(e)R
לִקְרוֹא,likR(o)
לְהִיקָּרֵא,lehikaR(e)
לְהַקְרִיא,lehakR(i)
לְהִתְקָרֵא,lehitkaR(e)
לִקְרוֹב,likR(o)v
לְקָרֵב,lekaR(e)v
לְהִתְקָרֵב,lehitkaR(e)v
לְהַקְרִיב,lehakR(i)v
לְהַקְרִיחַ,lehakR(i)aH
לְהִיקָּרוֹת,lehikaR(o)t
לְקָרוֹת,lekaR(o)t
לִקְרוֹת,likR(o)t
לְהַקְרִים,lehakR(i)m
לְהִיקָּרֵם,lehikaR(e)m
לִקְרוֹם,likR(o)m
לִקְרוֹן,likR(o)n
לְהַקְרִין,lehakR(i)n
לִקְרוֹס,likR(o)s
לִקְרוֹעַ,likR(o)a
לְהִיקָּרֵעַ,lehikaR(e)a
לִקְרוֹץ,likR(o)tz
לְקַרְצֵף,lekaRtz(e)f
לְקַרְקֵעַ,lekaRk(e)a
לְקַרְקֵף,lekaRk(e)f
לְקַרְקֵר,lekaRk(e)R
לְקַרְקֵשׁ,lekaRk(e)x
לְקָרֵר,lekaR(e)R
לְהִתְקָרֵר,lehitkaR(e)R
לְהִתְקָרֵשׁ,lehitkaR(e)x
לְהַקְרִישׁ,lehakR(i)x
לְהַקְשִׁיב,lehakx(i)v
לְהַקְשִׁיחַ,lehakx(i)aH
לְהִתְקַשֵּׁחַ,lehitkax(e)aH
לְקַשֵּׁט,lekax(e)t
לְהִתְקַשֵּׁט,lehitkax(e)t
לִקְשׁוֹט,likx(o)t
לְהִתְקַשּׁוֹת,lehitkax(o)t
לְהַקְשׁוֹת,lehakx(o)t
לִקְשׁוֹת,likx(o)t
לְקַשְׁקֵשׁ,lekaxk(e)x
לְהִיקָּשֵׁר,lehikax(e)R
לְקַשֵּׁר,lekax(e)R
לְהִתְקַשֵּׁר,lehitkax(e)R
לִקְשׁוֹר,likx(o)R
לְקוֹשֵׁשׁ,lekox(e)x
לְקַשֵּׁת,lekax(e)t
לִרְאוֹת,liR'(o)t
לְהֵירָאוֹת,leheRa'(o)t
לְהַרְאוֹת,lehaR'(o)t
לְהִתְרָאוֹת,lehitRa'(o)t
לְרַאְייֵן,leRay(e)n
לְהִתְרַאְייֵן,lehitRay(e)n
לְרַבֵּד,leRab(e)d
לְהַרְבּוֹת,lehaRb(o)t
לְהִתְרַבּוֹת,lehitRab(o)t
לִרְבּוֹת,liRb(o)t
לְרַבֵּעַ,leRab(e)a
לְהַרְבִּיעַ,lehaRb(i)a
לִרְבּוֹץ,liRb(o)tz
לְהַרְבִּיץ,lehaRb(i)tz
לְהִתְרַבְרֵב,lehitRavR(e)v
לִרְגּוֹז,liRg(o)z
לְהַרְגִּיז,lehaRg(i)z
לְהֵירָגֵז,leheRag(e)z
לְהִתְרַגֵּז,lehitRag(e)z
לְרַגֵּל,leRag(e)l
לְהַרְגִּיל,lehaRg(i)l
לְהִתְרַגֵּל,lehitRag(e)l
לִרְגּוֹם,liRg(o)m
לִרְגּוֹן,liRg(o)n
לְהַרְגִּיעַ,lehaRg(i)a
לְהֵירָגֵעַ,leheRag(e)a
לְהֵירָגֵשׁ,leheRag(e)x
לְהַרְגִּישׁ,lehaRg(i)x
לְרַגֵּשׁ,leRag(e)x
לְהִתְרַגֵּשׁ,lehitRag(e)x
לִרְגּוֹשׁ,liRg(o)x
לְרַדֵּד,leRad(e)d
לִרְדּוֹת,liRd(o)t
לְהֵירָדֵם,leheRad(e)m
לְהַרְדִּים,lehaRd(i)m
לִרְדּוֹף,liRd(o)f
לְהֵירָדֵף,leheRad(e)f
לְהַרְהִיב,lehaRh(i)v
לְרַהֵט,leRah(e)t
לִרְהוֹט,liRh(o)t
לִרְווֹחַ,liRv(o)aH
לְרַווֵּחַ,leRav(e)aH
לְהַרְווִיחַ,lehaRv(i)aH
לְהִתְרַווֵּחַ,lehitRav(e)aH
לִרְווֹת,liRv(o)t
לְהַרְווֹת,lehaRv(o)t
לְרַוּוֹת,leRav(o)t
לְהָרִים,lehaR(i)m
לְהִתְרוֹמֵם,lehitRom(e)m
לְרוֹמֵם,leRom(e)m
לְהָרִיעַ,lehaR(i)a
לָרוּץ,laR(u)tz
לְהִתְרוֹצֵץ,lehitRotz(e)tz
לְהָרִיץ,lehaR(i)tz
לִרְזוֹת,liRz(o)t
לְהַרְזוֹת,lehaRz(o)t
לִרְחוֹב,liRH(o)v
לְהַרְחִיב,lehaRH(i)v
לְהִתְרַחֵב,lehitRaH(e)v
לְרַחֵם,leRaH(e)m
לְהִתְרַחֵם,lehitRaH(e)m
לְרַחֵף,leRaH(e)f
לִרְחוֹץ,liRH(o)tz
לְהֵירָחֵץ,leheRaH(e)tz
לְהִתְרַחֵץ,lehitRaH(e)tz
לְהַרְחִיק,lehaRH(i)k
לְהִתְרַחֵק,lehitRaH(e)k
לְרַחֵק,leRaH(e)k
לְרַחְרֵחַ,leRaHR(e)aH
לִרְחוֹשׁ,liRH(o)x
לְהִתְרַחֵשׁ,lehitRaH(e)x
לְהֵירָטֵב,leheRat(e)v
לְהַרְטִיב,lehaRt(i)v
לְהִתְרַטֵּב,lehitRat(e)v
לְהַרְטִיט,lehaRt(i)t
לִרְטוֹט,liRt(o)t
לְרַטֵּט,leRat(e)t
לִרְטוֹן,liRt(o)n
לְרַטֵּשׁ,leRat(e)x
לָרִיב,laR(i)v
לְהָרִיחַ,lehaR(i)aH
לְהָרִיק,lehaR(i)k
לְרוֹקֵן,leRok(e)n
לְהִתְרוֹקֵן,lehitRok(e)n
לָרִיר,laR(i)R
לְרַייֵּר,leRay(e)R
לְרוֹשֵׁשׁ,leRox(e)x
לְהִתְרוֹשֵׁשׁ,lehitRox(e)x
לְהִתְרַכֵּב,lehitRak(e)v
לִרְכַּב,liRk(a)v
לְהַרְכִּיב,lehaRk(i)v
לְרַכֵּז,leRak(e)z
לְהִתְרַכֵּז,lehitRak(e)z
לְרַכֵּךְ,leRak(e)H
לְהִתְרַכֵּךְ,lehitRak(e)H
לְרַכֵל,leRaH(e)l
לִרְכּוֹל,liRk(o)l
לִרְכּוֹן,liRk(o)n
לְהַרְכִּין,lehaRk(i)n
לִרְכּוֹס,liRk(o)s
לִרְכּוֹשׁ,liRk(o)x
לְהֵירָכֵשׁ,leheRaH(e)x
לְרַמֵּז,leRam(e)z
לִרְמוֹז,liRm(o)z
לְהֵירָמֵז,leheRam(e)z
לְרַמּוֹת,leRam(o)t
לִרְמוֹת,liRm(o)t
לִרְמוֹס,liRm(o)s
לְהֵירָמֵס,leheRam(e)s
לִרְמוֹשׂ,liRm(o)s
לְהִתְרוֹנֵן,lehitRon(e)n
לְרַנֵּן,leRan(e)n
לְרַסֵּן,leRas(e)n
לְרַסֵּס,leRas(e)s
לְרַסֵּק,leRas(e)k
לְהִתְרַסֵּק,lehitRas(e)k
לִרְעוֹב,liR'(o)v
לְהַרְעִיב,lehaR'(i)v
לִרְעוֹד,liR'(o)d
לְהַרְעִיד,lehaR'(i)d
לְהֵירָעֵד,leheRa'(e)d
לִרְעוֹת,liR'(o)t
לְהַרְעִיל,lehaR'(i)l
לִרְעוֹם,liR'(o)m
לְהַרְעִים,lehaR'(i)m
לְהִתְרַעֵם,lehitRa'(e)m
לְרַעְנֵן,leRa'an(e)n
לְהִתְרַעְנֵן,lehitRa'an(e)n
לְהָרֵעַ,lehaR(e)a
לְהִתְרוֹעֵעַ,lehitRo'(e)a
לְהַרְעִיף,lehaR'(i)f
לִרְעוֹץ,liR'(o)tz
לְהֵירָעֵץ,leheRa'(e)tz
לִרְעוֹשׁ,liR'(o)x
לְהֵירָעֵשׁ,leheRa'(e)x
לְהַרְעִישׁ,lehaR'(i)x
לִרְפּוֹא,liRp(o)
לְהֵירָפֵא,leheRaf(e)
לְהִתְרַפֵּא,lehitRap(e)
לְרַפֵּא,leRap(e)
לְרַפֵּד,leRap(e)d
לְהִתְרַפֵּט,lehitRap(e)t
לְרַפֵּט,leRap(e)t
לִרְפּוֹת,liRp(o)t
לְרַפּוֹת,leRap(o)t
לְהַרְפּוֹת,lehaRp(o)t
לְהִתְרַפֵּס,lehitRap(e)s
לְהִתְרוֹפֵף,lehitRof(e)f
לְהִתְרַפֵּק,lehitRap(e)k
לְרַפְרֵף,leRafR(e)f
לְרַצֵּד,leRatz(e)d
לִרְצוֹחַ,liRtz(o)aH
לְהֵירָצֵחַ,leheRatz(e)aH
לִרְצוֹת,liRtz(o)t
לְהִתְרַצּוֹת,lehitRatz(o)t
לְהַרְצוֹת,lehaRtz(o)t
לְרַצּוֹת,leRatz(o)t
לְהַרְצִין,lehaRtz(i)n
לְרַצֵּף,leRatz(e)f
לְרוֹצֵץ,leRotz(e)tz
לִרְקוֹב,liRk(o)v
לְהֵירָקֵב,leheRak(e)v
לְהַרְקִיב,lehaRk(i)v
לִרְקוֹד,liRk(o)d
לְרַקֵּד,leRak(e)d
לְהַרְקִיד,lehaRk(i)d
לִרְקוֹחַ,liRk(o)aH
לְהִתְרַקֵּם,lehitRak(e)m
לְהֵירָקֵם,leheRak(e)m
לִרְקוֹם,liRk(o)m
לְהַרְקִיעַ,lehaRk(i)a
לְרַקֵּעַ,leRak(e)a
לִרְקוֹעַ,liRk(o)a
לְהַרְשׁוֹת,lehaRx(o)t
לְהִתְרַשֵּׁל,lehitRax(e)l
לְהֵירָשֵׁם,leheRax(e)m
לְהִתְרַשֵּׁם,lehitRax(e)m
לְהַרְשִׁים,lehaRx(i)m
לִרְשׁוֹם,liRx(o)m
לְהַרְשִׁיעַ,lehaRx(i)a
לִרְשׁוֹף,liRx(o)f
לְרַשְׁרֵשׁ,leRaxR(e)x
לְרוֹשֵׁשׁ,leRox(e)x
לְרוֹשֵׁשׁ,leRox(e)x
לִרְתּוֹחַ,liRt(o)aH
לְהַרְתִּיחַ,lehaRt(i)aH
לְהִתְרַתֵּחַ,lehitRat(e)aH
לְרַתּוֹת,leRat(o)t
לְרַתֵּךְ,leRat(e)H
לִרְתּוֹם,liRt(o)m
לְהֵירָתֵם,leheRat(e)m
לְהֵירָתֵעַ,leheRat(e)a
לְהַרְתִּיעַ,lehaRt(i)a
לְרַתֵּק,leRat(e)k
לִשְׁאוֹב,lix'(o)v
לְהִישָּׁאֵב,lehixa'(e)v
לִשְׁאוֹג,lix'(o)g
לְהִשְׁתָּאוֹת,lehixta'(o)t
לִשְׁאוֹל,lix'(o)l
לְהַשְׁאִיל,lehax'(i)l
לְהִישָּׁאֵל,lehixa'(e)l
לִשְׁאוֹף,lix'(o)f
לְהִישָּׁאֵף,lehixa'(e)f
לְהִישָּׁאֵר,lehixa'(e)R
לְהַשְׁאִיר,lehax'(i)R
לְהַשְׁבִּיחַ,lehaxb(i)aH
לְשַׁבֵּחַ,lexab(e)aH
לְהִשְׁתַּבֵּחַ,lehixtab(e)aH
לְשַׁבֵּט,lexab(e)t
לְהִישָּׁבוֹת,lehixav(o)t
לִשְׁבּוֹת,lixb(o)t
לִשְׂבּוֹעַ,lisb(o)a
לְהִישָּׁבֵעַ,lehixav(e)a
לְהַשְׁבִּיעַ,lehaxb(i)a
לְהַשְׂבִּיעַ,lehasb(i)a
לְהִשְׁתַּבֵּץ,lehixtab(e)tz
לְשַׁבֵּץ,lexab(e)tz
לִשְׁבּוֹק,lixb(o)k
לְשַׁבֵּר,lexab(e)R
לִשְׁבּוֹר,lixb(o)R
לְהִישָּׁבֵר,lehixav(e)R
לְהַשְׁבִּיר,lehaxb(i)R
לְהִשְׁתַּבֵּשׁ,lehixtab(e)x
לְשַׁבֵּשׁ,lexab(e)x
לְהַשְׁבִּית,lehaxb(i)t
לִשְׁבּוֹת,lixb(o)t
לִשְׁגּוֹג,lixg(o)g
לְהַשְׁגִּיחַ,lehaxg(i)aH
לִשְׁגּוֹת,lixg(o)t
לְהִשְׁתַּגֵּעַ,lehixtag(e)a
לְשַׁגֵּעַ,lexag(e)a
לְשַׁגֵּר,lexag(e)R
לְשַׂגְשֵׂג,lesags(e)g
לִשְׁדּוֹד,lixd(o)d
לְהִישָּׁדֵד,lehixad(e)d
לְשַׁדֵּךְ,lexad(e)H
לְהִשְׁתַּדֵּךְ,lehixtad(e)H
לְשַׁדֵּל,lexad(e)l
לְהִשְׁתַּדֵּל,lehixtad(e)l
לְשַׁדֵּר,lexad(e)R
לְשַׁדְרֵג,lexadR(e)g
לְהִשְׁתַּדְרֵג,lehixtadR(e)g
לִשְׁהוֹת,lixh(o)t
לְהַשְׁהוֹת,lehaxh(o)t
לְהִשְׁתַּהוֹת,lehixtah(o)t
לְשַׁהֵק,lexah(e)k
לְהָשִׁיב,lehax(i)v
לְהִשְׁתּוֹבֵב,lehixtov(e)v
לָשׁוּב,lax(u)v
לָשׂוּחַ,las(u)aH
לָשׁוּחַ,lax(u)aH
לָשׁוּט,lax(u)t
לְשׁוֹטֵט,lexot(e)t
לְהָשִׁיט,lehax(i)t
לְהִשְׁתַּוּוֹת,lehixtav(o)t
לִשְׁווֹת,lixv(o)t
לְהַשְׁווֹת,lehaxv(o)t
לְשַׁוּוֹת,lexav(o)t
לְשַׁווֵּעַ,lexav(e)a
לְהִשְׁתּוֹפֵף,lehixtof(e)f
לָשׁוּף,lax(u)f
לְהַשְׁווִיץ,lehaxv(i)tz
לְשַׁווֵּק,lexav(e)k
לָשׁוּר,lax(u)R
לְהִשְׁתַּזֵּף,lehixtaz(e)f
לִשְׁזוֹף,lixz(o)f
לִשְׁזוֹר,lixz(o)R
לְשַׁחֵד,lexaH(e)d
לְהִשְׁתַּחֲווֹת,lehixtaHav(o)t
לְהַשְׁחִיז,lehaxH(i)z
לְשַׁחְזֵר,lexaHz(e)R
לִשְׁחוֹט,lixH(o)t
לְהִישָּׁחֵט,lehixaH(e)t
לִשְׁחוֹת,lixH(o)t
לִשְׂחוֹת,lisH(o)t
לְהִשְׁתַּחֵל,lehixtaH(e)l
לְהַשְׁחִיל,lehaxH(i)l
לְהַשְׁחִים,lehaxH(i)m
לְשַׂחֵק,lesaH(e)k
לִשְׁחוֹק,lixH(o)k
לְהִישָּׁחֵק,lehixaH(e)k
לְהַשְׁחִיר,lehaxH(i)R
לְשַׁחֵר,lexaH(e)R
לְהִשְׁתַּחְרֵר,lehixtaHR(e)R
לְשַׁחְרֵר,lexaHR(e)R
לְהִישָּׁחֵת,lehixaH(e)t
לְהַשְׁחִית,lehaxH(i)t
לְשַׁחֵת,lexaH(e)t
לִשְׁטוֹחַ,lixt(o)aH
לְהִשְׁתַּטֵּחַ,lehixtat(e)aH
לְהִשְׁתַּטּוֹת,lehixtat(o)t
לְשַׁטּוֹת,lexat(o)t
לִשְׁטוֹף,lixt(o)f
לְהִישָּׁטֵף,lehixat(e)f
לְשַׁטֵּר,lexat(e)R
לָשִׂיחַ,las(i)aH
לְהָשִׂיחַ,lehas(i)aH
לְשׂוֹחֵחַ,lesoH(e)aH
לְשַׁייֵּט,lexay(e)t
לְשַׁייֵּךְ,lexay(e)H
לְהִשְׁתַּייֵּךְ,lehixtay(e)H
לָשִׂים,las(i)m
לְהָשִׂים,lehas(i)m
לְשַׁייֵּף,lexay(e)f
לָשִׁיר,lax(i)R
לְשׁוֹרֵר,lexoR(e)R
מוּשָׁר,mux(a)R
לָשׂוּשׂ,las(u)s
לְהָשִׁית,lehax(i)t
לָשִׁית,lax(i)t
לִשְׁכַּב,lixk(a)v
לְהַשְׁכִּיב,lehaxk(i)v
לְהִישָּׁכֵב,lehixaH(e)v
לִשְׁכּוֹחַ,lixk(o)aH
לְהִישָּׁכֵחַ,lehixaH(e)aH
לְהַשְׁכִּיחַ,lehaxk(i)aH
לְהִשְׁתַּכֵּחַ,lehixtak(e)aH
לָשׁוֹךְ,lax(o)H
לְשַׁכֵּךְ,lexak(e)H
לִשְׁכּוֹל,lixk(o)l
לְהַשְׂכִּיל,lehask(i)l
לְשַׁכְלֵל,lexaHl(e)l
לְהִשְׁתַּכְלֵל,lehixtaHl(e)l
לְהַשְׁכִּים,lehaxk(i)m
לִשְׁכּוֹן,lixk(o)n
לְהַשְׁכִּין,lehaxk(i)n
לְהִשְׁתַּכֵּן,lehixtak(e)n
לְשַׁכֵּן,lexak(e)n
לְשַׁכְנֵעַ,lexaHn(e)a
לְהִשְׁתַּכְנֵעַ,lehixtaHn(e)a
לְשַׁכְפֵּל,lexaHp(e)l
לִשְׂכּוֹר,lisk(o)R
לְהִישָּׂכֵר,lehisaH(e)R
לְהַשְׂכִּיר,lehask(i)R
לְהִשְׂתַּכֵּר,lehistak(e)R
לְהִשְׁתַּכֵּר,lehixtak(e)R
לְשַׁכֵּר,lexak(e)R
לְשַׁכְשֵׁךְ,lexaHx(e)H
לְהִשְׁתַּכְשֵׁךְ,lehixtaHx(e)H
לְשַׁכְשֵׁךְ,lexaHx(e)H
לְשַׁכְתֵּב,lexaHt(e)v
לְשַׁלֵּב,lexal(e)v
לְהִשְׁתַּלֵּב,lehixtal(e)v
לְהִשְׁתַּלְהֵב,lehixtalh(e)v
לְשַׁלְהֵב,lexalh(e)v
לְהִישָּׁלֵחַ,lehixal(e)aH
לְהִשְׁתַּלֵּחַ,lehixtal(e)aH
לִשְׁלוֹחַ,lixl(o)aH
לְשַׁלֵּחַ,lexal(e)aH
לִשְׁלוֹט,lixl(o)t
לְהִישָּׁלֵט,lehixal(e)t
לְהַשְׁלִיט,lehaxl(i)t
לְהִשְׁתַּלֵּט,lehixtal(e)t
לְשַׁלֵּט,lexal(e)t
לְשַׁלְטֵט,lexalt(e)t
לִשְׁלוֹת,lixl(o)t
לְהִישָּׁלוֹת,lehixal(o)t
לְהַשְׁלוֹת,lehaxl(o)t
לְהַשְׁלִיךְ,lehaxl(i)H
לְהִישָּׁלֵל,lehixal(e)l
לְהִשְׁתּוֹלֵל,lehixtol(e)l
לִשְׁלוֹל,lixl(o)l
לְהִשְׁתַּלֵּם,lehixtal(e)m
לְהַשְׁלִים,lehaxl(i)m
לְשַׁלֵּם,lexal(e)m
לִשְׁלוֹם,lixl(o)m
לְהִישָּׁלֵם,lehixal(e)m
לְהִישָּׁלֵף,lehixal(e)f
לִשְׁלוֹף,lixl(o)f
לִשְׁלוֹק,lixl(o)k
לְשַׁלֵּשׁ,lexal(e)x
לְהִשְׁתַּלְשֵׁל,lehixtalx(e)l
לְשַׁלְשֵׁל,lexalx(e)l
לְהִישָּׁמֵד,lehixam(e)d
לְהַשְׁמִיד,lehaxm(i)d
לְהִשְׁתַּמֵּד,lehixtam(e)d
לִשְׂמוֹחַ,lism(o)aH
לְשַׂמֵּחַ,lesam(e)aH
לִשְׁמוֹט,lixm(o)t
לְהִישָּׁמֵט,lehixam(e)t
לְהַשְׁמִיט,lehaxm(i)t
לְהִשְׁתַּמֵּט,lehixtam(e)t
לְהִשְׁתּוֹמֵם,lehixtom(e)m
לְהִישּׁוֹם,lehix(o)m
לְהָשֵׁם,lehax(e)m
לָשׁוֹם,lax(o)m
לְהַשְׁמִין,lehaxm(i)n
לְשַׁמֵּן,lexam(e)n
לִשְׁמוֹן,lixm(o)n
לִשְׁמוֹעַ,lixm(o)a
לְהִישָּׁמֵעַ,lehixam(e)a
לְהַשְׁמִיעַ,lehaxm(i)a
לְהִשְׁתַּמֵּעַ,lehixtam(e)a
לְהַשְׁמִיץ,lehaxm(i)tz
לְהִישָּׁמֵר,lehixam(e)R
לְשַׁמֵּר,lexam(e)R
לְהִשְׁתַּמֵּר,lehixtam(e)R
לִשְׁמוֹר,lixm(o)R
לְשַׁמֵּשׁ,lexam(e)x
לְהִשְׁתַּמֵּשׁ,lehixtam(e)x
לְהַשְׂנִיא,lehasn(i)
לִשְׂנוֹא,lisn(o)
לְשַׁנּוֹת,lexan(o)t
לְהִשְׁתַּנּוֹת,lehixtan(o)t
לִשְׁנוֹת,lixn(o)t
לְהִישָּׁנוֹת,lehixan(o)t
לְשַׁנֵּן,lexan(e)n
לְשַׁנֵּעַ,lexan(e)a
לְהִשְׁתַּנֵּק,lehixtan(e)k
לְהִישָּׁנֵק,lehixan(e)k
לְשַׁנֵּק,lexan(e)k
לְשַׁסּוֹת,lexas(o)t
לְשַׁסֵּעַ,lexas(e)a
לִשְׁסוֹעַ,lixs(o)a
לְשַׁסֵּף,lexas(e)f
לְהִשְׁתַּעְבֵּד,lehixta'ab(e)d
לְשַׁעְבֵּד,lexa'ab(e)d
לִשְׁעוֹט,lix'(o)t
לִשְׁעוֹת,lix'(o)t
לְהַשְׁעוֹת,lehax'(o)t
לְהִשְׁתַּעֵל,lehixta'(e)l
לְשַׁעְמֵם,lexa'am(e)m
לְהִשְׁתַּעְמֵם,lehixta'am(e)m
לְהַשְׁעִין,lehax'(i)n
לְהִישָּׁעֵן,lehixa'(e)n
לְשַׁעֵר,lexa'(e)R
לְהַשְׂעִיר,lehas'(i)R
לְשַׁעְשֵׁעַ,lexa'ax(e)a
לְהִשְׁתַּעְשֵׁעַ,lehixta'ax(e)a
לְשַׁעְתֵּק,lexa'at(e)k
לִשְׁפּוֹט,lixp(o)t
לְהִישָּׁפֵט,lehixaf(e)t
לְהִישָּׁפֵךְ,lehixaf(e)H
לְהִשְׁתַּפֵּךְ,lehixtap(e)H
לִשְׁפּוֹךְ,lixp(o)H
לִשְׁפּוֹל,lixp(o)l
לְהַשְׁפִּיל,lehaxp(i)l
לְהִשְׁתַּפֵּל,lehixtap(e)l
לְהִשְׁתַּפֵן,lehixtaf(e)n
לִשְׁפּוֹעַ,lixp(o)a
לְהַשְׁפִּיעַ,lehaxp(i)a
לְשַׁפֵּעַ,lexap(e)a
לְשַׁפְעֵל,lexaf'(e)l
לְהִשְׁתַּפְעֵל,lehixtaf'(e)l
לְשַׁפֵּץ,lexap(e)tz
לְשַׁפֵּר,lexap(e)R
לְהִשְׁתַּפֵּר,lehixtap(e)R
לְהַשְׁפְּרִיץ,lehaxpR(i)tz
לְשַׁפְשֵׁף,lexafx(e)f
לְהִשְׁתַּפְשֵׁף,lehixtafx(e)f
לִשְׁפּוֹת,lixp(o)t
לִשְׁפּוֹת,lixp(o)t
לִשְׁקוֹד,lixk(o)d
לְהַשְׁקִיט,lehaxk(i)t
לִשְׁקוֹט,lixk(o)t
לְהַשְׁקוֹת,lehaxk(o)t
לְהִישָּׁקֵל,lehixak(e)l
לִשְׁקוֹל,lixk(o)l
לְשַׁקְלֵל,lexakl(e)l
לְשַׁקֵּם,lexak(e)m
לְהִשְׁתַּקֵּם,lehixtak(e)m
לִשְׁקוֹעַ,lixk(o)a
לְהַשְׁקִיעַ,lehaxk(i)a
לְהִשְׁתַּקֵּעַ,lehixtak(e)a
לְהִישָּׁקֵף,lehixak(e)f
לְשַׁקֵּף,lexak(e)f
לְהִשְׁתַּקֵּף,lehixtak(e)f
לְהַשְׁקִיף,lehaxk(i)f
לָשׁוֹק,lax(o)k
לְהִשְׁתּוֹקֵק,lehixtok(e)k
לְשַׁקֵּר,lexak(e)R
לְשַׁקְשֵׁק,lexakx(e)k
לְשַׁרְבֵּב,lexaRb(e)v
לְהִשְׁתַּרְבֵּב,lehixtaRb(e)v
לְשַׁרְבֵּט,lexaRb(e)t
לְהִשְׂתָּרֵג,lehistaR(e)g
לִשְׂרוֹד,lisR(o)d
לִשְׂרוֹט,lisR(o)t
לְהִישָּׂרֵט,lehisaR(e)t
לְשַׂרְטֵט,lesaRt(e)t
לְהַשְׁרוֹת,lehaxR(o)t
לִשְׁרוֹת,lixR(o)t
לִשְׂרוֹת,lisR(o)t
לְשַׁרְייֵן,lexaRy(e)n
לִשְׂרוֹךְ,lisR(o)H
לְהִשְׂתָּרֵךְ,lehistaR(e)H
לְהִישָּׂרֵךְ,lehisaR(e)H
לְהִשְׂתָּרֵעַ,lehistaR(e)a
לִשְׂרוֹף,lisR(o)f
לְהִישָּׂרֵף,lehisaR(e)f
לִשְׁרוֹץ,lixR(o)tz
לְהַשְׁרִיץ,lehaxR(i)tz
לִשְׁרוֹק,lixR(o)k
לִשְׂרוֹר,lisR(o)R
לְהִשְׂתָּרֵר,lehistaR(e)R
לְהִשְׁתָּרֵשׁ,lehixtaR(e)x
לְהַשְׁרִישׁ,lehaxR(i)x
לְשָׁרֵשׁ,lexaR(e)x
לְשַׁרְשֵׁר,lexaRx(e)R
לְשָׁרֵת,lexaR(e)t
לִשְׁתּוֹת,lixt(o)t
לְהִישָּׁתוֹת,lehixat(o)t
לִשְׁתּוֹל,lixt(o)l
לְהִישָּׁתֵל,lehixat(e)l
לְהַשְׁתִּיל,lehaxt(i)l
לְהַשְׁתִּין,lehaxt(i)n
לְשַׁתֵּף,lexat(e)f
לְהִשְׁתַּתֵּף,lehixtat(e)f
לִשְׁתּוֹק,lixt(o)k
לְשַׁתֵּק,lexat(e)k
לְהַשְׁתִּיק,lehaxt(i)k
לְהִשְׁתַּתֵּק,lehixtat(e)k
לִשְׁתּוֹת,lixt(o)t
לְהַשְׁתִּית,lehaxt(i)t
לִתְאוֹב,lit'(o)v
לִתְאוֹם,lit'(o)m
לְתָאֵם,leta'(e)m
לְהַתְאִים,lehat'(i)m
לְתָאֵר,leta'(e)R
לְתַאֲרֵךְ,leta'aR(e)H
לְתַבֵּל,letab(e)l
לִתְבּוֹעַ,litb(o)a
לְהִיתָּבֵעַ,lehitav(e)a
לְתַגְבֵּר,letagb(e)R
לְתַגְמֵל,letagm(e)l
לְתַדְלֵק,letadl(e)k
לְתַדְרֵךְ,letadR(e)H
לִתְהוֹת,lith(o)t
לְהַתְווֹת,lehatv(o)t
לְתַווֵּךְ,letav(e)H
לָתוּר,lat(u)R
לְתַזְמֵן,letazm(e)n
לִתְחוֹב,litH(o)v
לְהִיתָּחֵב,lehitaH(e)v
לְתַחְזֵק,letaHz(e)k
לְהַתְחִיל,lehatH(i)l
לְתַחְלֵב,letaHl(e)v
לִתְחוֹם,litH(o)m
לְתַחֵם,letaH(e)m
לְתַחְמֵן,letaHm(e)n
לְתַחְקֵר,letaHk(e)R
לְתַייֵּג,letay(e)g
לְתַייֵּק,letay(e)k
לְתַייֵּר,letay(e)R
לְתַכֵּן,letak(e)n
לְהִיתָּכֵן,lehitaH(e)n
לִתְכּוֹן,litk(o)n
לְתַכְנֵן,letaHn(e)n
לְתַכְנֵת,letaHn(e)t
לִתְכּוֹף,litk(o)f
לִתְלוֹת,litl(o)t
לְהִיתָּלוֹת,lehital(o)t
לְהַתְלוֹת,lehatl(o)t
לִתְלוֹשׁ,litl(o)x
לְהִיתָּלֵשׁ,lehital(e)x
לְתַלְתֵּל,letalt(e)l
לְהַתְמִיד,lehatm(i)d
לִתְמוֹהַּ,litm(o)a
לְהַתְמִיהַּ,lehatm(i)a
לְתַמְחֵר,letamH(e)R
לְהִיתָּמֵךְ,lehitam(e)H
לִתְמוֹךְ,litm(o)H
לְתַמְלֵל,letaml(e)l
לָתוֹם,lat(o)m
לְהִיתַּמֵּם,lehitam(e)m
לְתַמְצֵת,letamtz(e)t
לְהִיתַּמֵּר,lehitam(e)R
לְתַמְרֵן,letamR(e)n
לְתַמְרֵץ,letamR(e)tz
לְהַתְנוֹת,lehatn(o)t
לְתַנּוֹת,letan(o)t
לְהַתְנִיעַ,lehatn(i)a
לְתַסְכֵּל,letask(e)l
לִתְסוֹס,lits(o)s
לְהַתְסִיס,lehats(i)s
לְתַעֵב,leta'(e)v
לְהִיתָּעֵב,lehita'(e)v
לְתַעֵד,leta'(e)d
לְתַעְדֵּף,leta'ad(e)f
לִתְעוֹת,lit'(o)t
לְהַתְעוֹת,lehat'(o)t
לְתַעֵשׂ,leta'(e)s
לְתַעְתֵּעַ,leta'at(e)a
לִתְפּוֹחַ,litp(o)aH
לְהַתְפִּיחַ,lehatp(i)aH
לְהַתְפִּיל,lehatp(i)l
לִתְפּוֹשׂ,litp(o)s
לְהִיתָּפֵשׂ,lehitaf(e)s
לְתַפְעֵל,letaf'(e)l
לְתוֹפֵף,letof(e)f
לְתַפְקֵד,letafk(e)d
לִתְפּוֹר,litp(o)R
לְהִיתָּקֵל,lehitak(e)l
לְהַתְקִיל,lehatk(i)l
לְתַקֵּן,letak(e)n
לְהַתְקִין,lehatk(i)n
לְהִיתַּקֵּן,lehitak(e)n
לְתַקְנֵן,letakn(e)n
לִתְקוֹעַ,litk(o)a
לְהִיתָּקֵעַ,lehitak(e)a
לְהַתְקִיף,lehatk(i)f
לִתְקוֹף,litk(o)f
