ᐋ,aa
ᐋ,aa
ᐋᔪᖅ,aayuK
ᐋᒃᑲ,aaka
ᐋᒃᑐᖅ,aaktuK
ᐋᓪᓚ,aala
ᐋᓪᓕᕋᖅ,aaliQaK
ᐋᒪᐃ,aamai
ᐋᖓ,aaqa
ᐋᓐᓂᖅ,aaniK
ᐋᖅᑭᒃ,aaKik
ᐋᕐᖢᖅ,aaQLuK
ᐋᕆᐊᖅ,aaQiaK
ᐋᕐᓗᒃ,aaQluk
ᐋᕐᖓ,aaQqa
ᐋᓯᑦ,aasit
ᐋᓯᕙᒃ,aasivak
ᐋᑦ,aat
ᐋᑕᔭᖅ,aatayaK
ᐋᑕᔭᖅ,aatayaK
ᐋᑦᑕᖅ,aataK
ᐊᑉᒍᖅ,abguK
ᐊᑉᓛᖅ,ablaaK
ᐊᑉᓗᖅ,abluK
ᐊᑉᕙᖅ,abvaK
ᐊᒡᒐᒃ,agak
ᐊᒡᒐᒃ,agak
ᐊᒡᒋᖅ,agiK
ᐊᒡᒋᖅ,agiK
ᐊᒡᒋᖅ,agiK
ᐊᒡᒍᐊᖅ,aguaK
ᐊᒡᒍᖅ,aguK
ᐊᒡᒍᖅ,aguK
ᐊᒋᐊᖅ,agiaK
ᐊᒋᐊᖅ,agiaK
ᐊᒡᓕ,agli
ᐊᒡᓕᕈᒃ,agliQuk
ᐊᒡᓗ,aglu
ᐊᒡᕙᐃᖅ,agvaiK
ᐊᒡᕕᐊᖅ,agviaK
ᐊᒡᕕᒃ,agvik
ᐊᐃ,ai
ᐊᐃ,ai
ᐊᐃ,ai
ᐊᐃᔪᕋᖅ,aiyuQaK
ᐊᐃᔪᕋᖅ,aiyuQaK
ᐊᐃᒃᖠᖅ,aikLiK
ᐊᐃᓚᖅ,ailaK
ᐊᐃᓚᖅ,ailaK
ᐊᐃᓪᓖ,ailii
ᐊᐃᒪᖕᓇᖅ,aimaqnaK
ᐊᐃᐸ,aipa
ᐊᐃᐸ,aipa
ᐊᐃᐸᖅ,aipaK
ᐊᐃᑉᐸᖅ,aipaK
ᐊᐃᖅ,aiK
ᐊᐃᖅ,aiK
ᐊᐃᖅᑯᔭᖅ,aiKuyaK
ᐊᐃᕋᖅ,aiQaK
ᐊᐃᑦᑖᖅ,aitaaK
ᐊᐃᑦᑕᖅ,aitaK
ᐊᐃᕙ,aiva
ᐊᐃᕕᖅ,aiviK
ᐊᔭᒐᖅ,ayagaK
ᐊᔭᒐᖅ,ayagaK
ᐊᔭᐃᑦ,ayait
ᐊᔭᒃ,ayak
ᐊᔭᒃ,ayak
ᐊᔭᓂᖅ,ayaniK
ᐊᔭᕌᖅ,ayaQaaK
ᐊᔭᕌᖅ,ayaQaaK
ᐊᔾᔮ,ayaa
ᐊᔾᔨ,ayi
ᐊᔪᐊᖅ,ayuaK
ᐊᔪᐊᖅ,ayuaK
ᐊᔪᖅ,ayuK
ᐊᔪᕿᖅ,ayuKiK
ᐊᒃᖤ,akLa
ᐊᒃᖤ,akLa
ᐊᒃᖢ,akLu
ᐊᒃᖢᓈᖅ,akLunaaK
ᐊᑲᐅ,akau
ᐊᑭ,aki
ᐊᑭ,aki
ᐊᑭᓐᓇᖅ,akinaK
ᐊᑭᕈᖅ,akiQuK
ᐊᑭᓯᖅ,akisiK
ᐊᒃᑲᒃ,akak
ᐊᒃᐸ,akpa
ᐊᒃᐸᖅ,akpaK
ᐊᒃᓴᖅᑯᖅ,aksaKuK
ᐊᒃᓱᖅ,aksuK
ᐊᒃᑕᖅ,aktaK
ᐊᒃᑎ,akti
ᐊᒃᑎᑦ,aktit
ᐊᒃᑐᖅ,aktuK
ᐊᒃᑐᖅ,aktuK
ᐊᑯ,aku
ᐊᑯᐃ,akui
ᐊᑯᒃ,akuk
ᐊᑯᓇᑦ,akunat
ᐊᑯᖅ,akuK
ᐊᑯᖅ,akuK
ᐊᑯᖅ,akuK
ᐊᓚ,ala
ᐊᓚᓂᖅ,alaniK
ᐊᓚᖅ,alaK
ᐊᓕᐊ,alia
ᐊᓕᒍᖅ,aliguK
ᐊᓕᒃ,alik
ᐊᓕᖅ,aliK
ᐊᓕᖃᖅ,aliKaK
ᐊᓕᕐᑎ,aliQti
ᐊᓪᓚᒃ,alak
ᐊᓪᓚᖅ,alaK
ᐊᓪᓕᐊᖅ,aliaK
ᐊᓪᓕᖅ,aliK
ᐊᓗᒃ,aluk
ᐊᓗᖅ,aluK
ᐊᓗᖅ,aluK
ᐊᒫᒪ,amaama
ᐊᒪᖅ,amaK
ᐊᒪᕈᖅ,amaQuK
ᐊᒪᐅᔭᖅ,amauyaK
ᐊᒪᐅᓕᒐᖅ,amauligaK
ᐊᒪᐅᓕᒃ,amaulik
ᐊᒪᐅᖅ,amauK
ᐊᒥᐊᒃᑯ,amiaku
ᐊᒥᓕᕋᖅ,amiliQaK
ᐊᒥᖅ,amiK
ᐊᒥᖅ,amiK
ᐊᒥᖅᑳᖅ,amiKaaK
ᐊᒥᕐᓚᒃ,amiQlak
ᐊᒥᓱ,amisu
ᐊᒥᑦ,amit
ᐊᒻᒪ,ama
ᐊᒻᒧᑦ,amut
ᐊᓈᓇ,anaana
ᐊᓇᖅ,anaK
ᐊᓇᖅ,anaK
ᐊᓇᐅ,anau
ᐊᖓᔪ,aqayu
ᐊᖓᒃᑯᖅ,aqakuK
ᐊᖓᓗᒃ,aqaluk
ᐊᖓᓴᖅ,aqasaK
ᐊᖏ,aqi
ᐊᖏᖅ,aqiK
ᐊᖏᖅᑲᖅ,aqiKaK
ᐊᖏᖅᑲᖅ,aqiKaK
ᐊᖕᒫᒃ,aqmaak
ᐊᖕᒪᓗᖅ,aqmaluK
ᐊᖕᒪᖅ,aqmaK
ᐊᖕᒪᖅᑯᖅ,aqmaKuK
ᐊᖑ,aqu
ᐊᖑᐊ,aqua
ᐊᖑᓚ,aqula
ᐊᖑᖅ,aquK
ᐊᖑᑦ,aqut
ᐊᖑᑎᕆ,aqutiQi
ᐊᖒᖅ,aquuK
ᐊᓂ,ani
ᐊᓂ,ani
ᐊᓂᖅ,aniK
ᐊᓂᕐᑕ,aniQta
ᐊᓂᐅᒃ,aniuk
ᐊᓐᓇᒃ,anak
ᐊᙵᒃ,aqak
ᐊᙱᒃ,aqik
ᐊᙱᐅᔭᖅ,aqiuyaK
ᐊᓐᓂᖅ,aniK
ᐊᓐᓄᕌᖅ,anuQaaK
ᐊᓐᓄᕌᖅ,anuQaaK
ᐊᓄᒃ,anuk
ᐊᓄᒃ,anuk
ᐊᓄᕆ,anuQi
ᐊᓄᕆ,anuQi
ᐊᓄᑦ,anut
ᐊᐸ,apa
ᐊᐹᐸ,apaapa
ᐊᐱ,api
ᐊᐱᖅ,apiK
ᐊᑉᖁᑦ,apKut
ᐊᑉᓴᖅ,apsaK
ᐊᑉᑎᖅ,aptiK
ᐊᐳᖅ,apuK
ᐊᐳᑦ,aput
ᐊᖃᒍ,aKagu
ᐊᖃᖅ,aKaK
ᐊᕿ,aKi
ᐊᕿᐊᒧᒃ,aKiamuk
ᐊᕿᐊᕈᖅ,aKiaQuK
ᐊᕿᒡᒋᖅ,aKigiK
ᐊᕿᖅᑯᖅ,aKiKuK
ᐊᕿᑦ,aKit
ᐊᖅᑲᖅ,aKaK
ᐊᖁ,aKu
ᐊᖁᑦ,aKut
ᐊᕆᐅ,aQiu
ᐊᕐᔭᖅ,aQyaK
ᐊᕐᔭᖅ,aQyaK
ᐊᕐᓇᖅ,aQnaK
ᐊᕐᖏᓕ,aQqili
ᐊᕐᖑᐊᖅ,aQquaK
ᐊᕐᐸᒃ,aQpak
ᐊᕐᐱᒃ,aQpik
ᐊᕐᕌᒍ,aQaagu
ᐊᕐᕌᓂ,aQaani
ᐊᕐᕌᖅ,aQaaK
ᐊᕐᓵᖅ,aQsaaK
ᐊᕐᓴᖅ,aQsaK
ᐊᕐᓴᖅ,aQsaK
ᐊᕐᓯ,aQsi
ᐊᕐᑐᖅ,aQtuK
ᐊᕐᕙᒃᑯᑦ,aQvakut
ᐊᕐᕙᖅ,aQvaK
ᐊᕐᕕᓂᓕᑦ,aQvinilit
ᐊᕐᕕᓂᙵᑦ,aQviniqat
ᐊᕐᕕᖅ,aQviK
ᐊᓯ,asi
ᐊᓯᐅ,asiu
ᐊᓯᕙᖅ,asivaK
ᐊᔅᓴᒃ,asak
ᐊᔅᓯᓂᖅ,asiniK
ᐊᔅᓱᒃ,asuk
ᐊᔅᓱᖏᖅ,asuqiK
ᐊᓱ,asu
ᐊᑕ,ata
ᐊᑕ,ata
ᐊᑖᑕ,ataata
ᐊᑕᐃᓕᑕᖅ,atailitaK
ᐊᑕᔪᒥᒃ,atayumik
ᐊᑕᖏᖅ,ataqiK
ᐊᑕᓂᖅ,ataniK
ᐊᑕᑖᒃ,atataak
ᐊᑕᐅᓯᖅ,atausiK
ᐊᑎ,ati
ᐊᑎᒋ,atigi
ᐊᑏ,atii
ᐊᑎᖅ,atiK
ᐊᑎᖅ,atiK
ᐊᑎᕋᖅ,atiQaK
ᐊᑎᕐᑕᖅ,atiQtaK
ᐊᑦᑕᑎᑦ,atatit
ᐊᑦᑎᒃ,atik
ᐊᑦᑎᖅ,atiK
ᐊᑐᖓᒃ,atuqak
ᐊᑐᓂᑦ,atunit
ᐊᑐᖅ,atuK
ᐊᑐᖅ,atuK
ᐊᐅᔭᖅ,auyaK
ᐊᐅᒃ,auk
ᐊᐅᒃ,auk
ᐊᐅᑲᑖᒃ,aukataak
ᐊᐅᒃᑲᓐᓂᖅ,aukaniK
ᐊᐅᓚ,aula
ᐊᐅᓪᓚᖅ,aulaK
ᐊᐅᓗ,aulu
ᐊᐅᒪ,auma
ᐊᐅᒪᔾᔭᒃ,aumayak
ᐊᐅᒪᒃ,aumak
ᐊᐅᒪᒃ,aumak
ᐊᐅᐸᖅ,aupaK
ᐊᐅᖅ,auK
ᐊᐅᕐᓵᖅ,auQsaaK
ᐊᐅᕕᖅ,auviK
ᐊᕚᓚᕿᐊᖅ,avaalaKiaK
ᐊᕚᖅ,avaaK
ᐊᕙᓗᖅ,avaluK
ᐊᕙᑕ,avata
ᐊᕙᑕᖅ,avataK
ᐊᕕᒃ,avik
ᐊᕕᓗᕋᓪᓚᒃ,aviluQalak
ᐊᕕᙵᖅ,aviqaK
ᐊᕕᐅ,aviu
ᐊᕗ,avu
ᐃᑉᔭᖅ,ibyaK
ᐃᑉᔪ,ibyu
ᐃᑉᔪᖅ,ibyuK
ᐃᑉᔪᖅ,ibyuK
ᐃᑉᔪᖅ,ibyuK
ᐃᑉᔪᕐᓇᐃᑦ,ibyuQnait
ᐃᑉᓚᐅᖅ,iblauK
ᐃᑉᓗᒃ,ibluk
ᐃᑉᓗᒃ,ibluk
ᐃᑉᕗᖅ,ibvuK
ᐃᒐ,iga
ᐃᒐ,iga
ᐃᒐᓛᖅ,igalaaK
ᐃᒐᖅ,igaK
ᐃᒡᒐᒃ,igak
ᐃᒡᒋᐊᖅ,igiaK
ᐃᒋᒪᒃ,igimak
ᐃᒋᑦ,igit
ᐃᒡᔪᒃ,igyuk
ᐃᒡᔪᖅ,igyuK
ᐃᒡᓚᖅ,iglaK
ᐃᒡᓕᐊᖅ,igliaK
ᐃᒡᓕᖅ,igliK
ᐃᒡᓗ,iglu
ᐃᒍᑉᔭᖅ,igubyaK
ᐃᒍᒥᑦ,igumit
ᐃᒍᓇᖅ,igunaK
ᐃᒍᓇᖅ,igunaK
ᐃᒍᑉᓴᖅ,igupsaK
ᐄ,ii
ᐄ,ii
ᐄᖅ,iiK
ᐄᑎᑦ,iitit
ᐃᔭ,iya
ᐃᔭᒐᑦ,iyagat
ᐃᔭᕈᕙᒃ,iyaQuvak
ᐃᔭᕈᕙᒃ,iyaQuvak
ᐃᔨ,iyi
ᐃᔨᖅ,iyiK
ᐃᔾᔭᐃᑦ,iyait
ᐃᔾᔭᖅ,iyaK
ᐃᔾᔪᐊᖅ,iyuaK
ᐃᔪ,iyu
ᐃᔪᒃᑲᖅ,iyukaK
ᐃᔪᖅ,iyuK
ᐃᒃᖠ,ikLi
ᐃᑳᖅ,ikaaK
ᐃᑲᔪᖅ,ikayuK
ᐃᑲᒃᖤᒃ,ikakLak
ᐃᑭ,iki
ᐃᑭ,iki
ᐃᑭᐊᖅ,ikiaK
ᐃᑭᖅ,ikiK
ᐃᑭᖅ,ikiK
ᐃᑭᑦ,ikit
ᐃᒃᑲᑦ,ikat
ᐃᒃᑮ,ikii
ᐃᒃᑮᖅ,ikiiK
ᐃᒃᑭᖅ,ikiK
ᐃᒃᑭᑦ,ikit
ᐃᒃᐸᒃᓴᖅ,ikpaksaK
ᐃᒃᐸᑦ,ikpat
ᐃᒃᐱᒃ,ikpik
ᐃᒃᐱᒃ,ikpik
ᐃᒃᓯᒃ,iksik
ᐃᒃᓯᖅ,iksiK
ᐃᒃᓱᑎᑦ,iksutit
ᐃᑯᐊᓪᓚᖅ,ikualaK
ᐃᑯᓕᐊᖅ,ikuliaK
ᐃᑯᓪᓚᖅ,ikulaK
ᐃᑯᒪ,ikuma
ᐃᑯᒪ,ikuma
ᐃᑯᐱᒃ,ikupik
ᐃᑯᖅᑲᖅ,ikuKaK
ᐃᑯᖅᑲᖅ,ikuKaK
ᐃᑯᓯᒃ,ikusik
ᐃᓚ,ila
ᐃᓚ,ila
ᐃᓛᒃ,ilaak
ᐃᓛᓂᖅ,ilaaniK
ᐃᓛᓐᓂ,ilaani
ᐃᓛᖅ,ilaaK
ᐃᓚᑉᔪᒃ,ilabyuk
ᐃᓕ,ili
ᐃᓕᕿ,iliKi
ᐃᓕᕋ,iliQa
ᐃᓕᑦ,ilit
ᐃᓕᑕᖅ,ilitaK
ᐃᓪᓚ,ila
ᐃᓪᓚ,ila
ᐃᓪᓕᖅ,iliK
ᐃᓪᓕᕆ,iliQi
ᐃᓪᓘᒃ,iluuk
ᐃᓗ,ilu
ᐃᓗᓯᖅ,ilusiK
ᐃᒫᒃ,imaak
ᐃᒪᓐᓇᒃ,imanak
ᐃᒪᖅ,imaK
ᐃᒪᖅ,imaK
ᐃᒪᖅ,imaK
ᐃᒥᐊ,imia
ᐃᒥᒡᒋᖅ,imigiK
ᐃᒥᒡᓗᐊᖅ,imigluaK
ᐃᒥᒃ,imik
ᐃᒥᖕᓇᒃ,imiqnak
ᐃᒥᖅ,imiK
ᐃᒥᖅ,imiK
ᐃᒥᖅᑯᑕᐃᓚᖅ,imiKutailaK
ᐃᒥᖁᑕᒃ,imiKutak
ᐃᒻᒪ,ima
ᐃᒻᒪᖄ,imaKaa
ᐃᒻᒥᓂᒃ,iminik
ᐃᒻᒧᒃ,imuk
ᐃᒧ,imu
ᐃᒧ,imu
ᐃᓇᒃ,inak
ᐃᓇᒃ,inak
ᐃᓇᓗᐊᖅ,inaluaK
ᐃᓇᖅ,inaK
ᐃᖏᐊᖅ,iqiaK
ᐃᖏᖅ,iqiK
ᐃᖏᖅ,iqiK
ᐃᖏᕐᕋ,iqiQa
ᐃᖏᑦ,iqit
ᐃᖏᐅᓪᓕᖅ,iqiuliK
ᐃᖕᓇᖅ,iqnaK
ᐃᖕᓇᖅ,iqnaK
ᐃᖕᓂᖅ,iqniK
ᐃᖕᓂᖅ,iqniK
ᐃᖑᓚᒃ,iqulak
ᐃᖑᕆᖅ,iquQiK
ᐃᓂ,ini
ᐃᓂᖅ,iniK
ᐃᓂᕐᓂᖅ,iniQniK
ᐃᓐᓇᖅ,inaK
ᐃᙱᖅ,iqiK
ᐃᙳᖅ,iquK
ᐃᓐᓂᐊ,inia
ᐃᓐᓂᑦ,init
ᐃᓄᒃ,inuk
ᐃᐸᒃ,ipak
ᐃᐸᒃ,ipak
ᐃᑉᒍᑦ,ipgut
ᐃᐱ,ipi
ᐃᐱᒡᓗᒃ,ipigluk
ᐃᐱᒃ,ipik
ᐃᐱᒃᓴᐅᓐᓇᖅ,ipiksaunaK
ᐃᐱᖅ,ipiK
ᐃᐱᖅᑭᖅ,ipiKiK
ᐃᐱᕌᖅ,ipiQaaK
ᐃᐱᕋᒃ,ipiQak
ᐃᐱᕋᖅ,ipiQaK
ᐃᑉᖄᕐᓂᖅ,ipKaaQniK
ᐃᑉᓱᒃ,ipsuk
ᐃᑉᑕᖅ,iptaK
ᐃᐳ,ipu
ᐃᐳᒃ,ipuk
ᐃᐳᒥᖅ,ipumiK
ᐃᖃ,iKa
ᐃᖃᓗᒃ,iKaluk
ᐃᖃᓗᒃ,iKaluk
ᐃᖃᑦᑕᖅ,iKataK
ᐃᕿ,iKi
ᐃᕿᐊ,iKia
ᐃᕿᒃ,iKik
ᐃᕿᕐᕋᖅ,iKiQaK
ᐃᖅᑲᖅ,iKaK
ᐃᖅᑲᖅ,iKaK
ᐃᖅᑭᒃ,iKik
ᐃᖅᑭᖅ,iKiK
ᐃᖅᑯᖅ,iKuK
ᐃᖁ,iKu
ᐃᖁᒪ,iKuma
ᐃᖁᖅ,iKuK
ᐃᖁᖅ,iKuK
ᐃᖁᕐᓱ,iKuQsu
ᐃᕐᖠᕐᐸᒃ,iQLiQpak
ᐃᕐᖢ,iQLu
ᐃᕆ,iQi
ᐃᕆᐊᓛᖅ,iQialaaK
ᐃᕐᔨᖓ,iQyiqa
ᐃᕐᓕᒐᖅ,iQligaK
ᐃᕐᒥᒃ,iQmik
ᐃᕐᖓᖅ,iQqaK
ᐃᕐᖏᓐᓇᒃ,iQqinak
ᐃᕐᖑᒪ,iQquma
ᐃᕐᖑᓯᖅ,iQqusiK
ᐃᕐᖑᑕᖅ,iQqutaK
ᐃᕐᓂ,iQni
ᐃᕐᓂᖅ,iQniK
ᐃᕐᐸᖅ,iQpaK
ᐃᕐᕋᖅ,iQaK
ᐃᕐᕈᖅ,iQuK
ᐃᕐᓴᖅ,iQsaK
ᐃᕐᓯ,iQsi
ᐃᕐᓱᒃ,iQsuk
ᐃᔅᖢᐊᖅ,isLuaK
ᐃᔅᖣᕋᖅ,isLuuQaK
ᐃᓴ,isa
ᐃᓴ,isa
ᐃᓴᒃ,isak
ᐃᓴᖅᑲᖅ,isaKaK
ᐃᓯ,isi
ᐃᓯᑉᔪᒃ,isibyuk
ᐃᓯᖅ,isiK
ᐃᓯᕿᒃᓴᖅ,isiKiksaK
ᐃᓯᕕᑦ,isivit
ᐃᓱ,isu
ᐃᓱᒪ,isuma
ᐃᓱᒪ,isuma
ᐃᓱᙵᖅ,isuqaK
ᐃᓱᖅᑭ,isuKi
ᐃᓲᖅ,isuuK
ᐃᑎ,iti
ᐃᑎᑉᓕ,itibli
ᐃᑎᑉᓕᖅ,itibliK
ᐃᑎᒐᒃ,itigak
ᐃᑎᒪᒃ,itimak
ᐃᑎᖅ,itiK
ᐃᑎᖅ,itiK
ᐃᑎᕈᖅ,itiQuK
ᐃᑎᕕᒃ,itivik
ᐃᑦᑕᖅ,itaK
ᐃᑦᑕᖅ,itaK
ᐃᑦᑕᐅᔭᑦ,itauyat
ᐃᑦᑎ,iti
ᐃᑦᑐᐊᖅ,ituaK
ᐃᑦᑐᖅ,ituK
ᐃᑐᒃ,ituk
ᐃᕙ,iva
ᐃᕙᓗᒃ,ivaluk
ᐃᕕᐊᖏᖅ,iviaqiK
ᐃᕕᒃ,ivik
ᐃᕕᖅ,iviK
ᐃᕕᑦ,ivit
ᐃᕕᑕᕈᖅ,ivitaQuK
ᐃᕗ,ivu
ᔮᕹᕸᖅ,yaahahuuK
ᔭᐸᖅ,yapaK
ᑳᔪᖅ,kaayuK
ᑳᔫᖅ,kaayuuK
ᑳᒃ,kaak
ᑳᒃ,kaak
ᑳᑎᓕᒃ,kaatilik
ᑲᑉᔨᖅ,kabyiK
ᑲᒡᒍᐊᖅ,kaguaK
ᑲᒡᓕ,kagli
ᑲᐃᐱᑦ,kaipit
ᑲᐃᑉᑲᑕᖅ,kaipkataK
ᑲᐃᕕᑦ,kaivit
ᑲᔾᔭᖅ,kayaK
ᑲᔾᔭᖅ,kayaK
ᑲᔪᒥᒃ,kayumik
ᑲᔪᒥᒃ,kayumik
ᑲᔪᖏᖅ,kayuqiK
ᑲᔪᖅ,kayuK
ᑲᔪᖅ,kayuK
ᑲᔪᓯ,kayusi
ᑲᒃᖢ,kakLu
ᑲᑭ,kaki
ᑲᑭᐊᖅ,kakiaK
ᑲᒃᑭᒃ,kakik
ᑲᒃᑭᑦ,kakit
ᑲᓚᖅ,kalaK
ᑲᓚᕐᑐᖅ,kalaQtuK
ᑲᓕᒃ,kalik
ᑲᓕᒃ,kalik
ᑲᓪᓕᖅ,kaliK
ᑲᓪᓕᖅ,kaliK
ᑲᓪᓗᐱᖦᖢᒃ,kalupiLuk
ᑲᒪ,kama
ᑲᒥᒃ,kamik
ᑲᒥᒃ,kamik
ᑲᓈᖅ,kanaaK
ᑲᓇᔪᖅ,kanayuK
ᑲᓇᖕᓇᖅ,kanaqnaK
ᑲᖓᓚ,kaqala
ᑲᖏ,kaqi
ᑲᖐᖑ,kaqiiqu
ᑲᖏᖅ,kaqiK
ᑲᖏᕐᖢᒃ,kaqiQLuk
ᑲᖏᐅᔭᖅ,kaqiuyaK
ᑲᖑᖅ,kaquK
ᑲᓂᖅ,kaniK
ᑲᓂᕋᖅ,kaniQaK
ᑲᓂᑦ,kanit
ᑲᓂᕙᐅᑦ,kanivaut
ᑲᙲ,kaqii
ᑲᙳ,kaqu
ᑲᓐᓅᔭᖅ,kanuuyaK
ᑲᐱ,kapi
ᑲᑉᐱᐊ,kapia
ᑲᕈᐊᓗᒃ,kaQualuk
ᑲᓴᒃ,kasak
ᑲᔅᓯᐅᒐᖅ,kasiugaK
ᑲᓱᒃ,kasuk
ᑲᓱᒃ,kasuk
ᑲᑕᒃ,katak
ᑲᑕᒃ,katak
ᑲᑎ,kati
ᑲᑦᑐᖓ,katuqa
ᑲᑐ,katu
ᑲᐅ,kau
ᑲᐅᒃ,kauk
ᑲᐅᒃ,kauk
ᑲᐅᓐᓇᖅ,kaunaK
ᑲᕙᖅ,kavaK
ᑲᕕᙳᐊᖅ,kaviquaK
ᑲᕕᓯᖅ,kavisiK
ᑭᐊᒃ,kiak
ᑭᐊᓯᒃ,kiasik
ᑭᑉᕙᑎ,kibvati
ᑭᒡᒑᓗᒃ,kigaaluk
ᑭᒡᒐᖅ,kigaK
ᑭᒡᒐᕕᒃ,kigavik
ᑭᒡᓚᖅ,kiglaK
ᑭᒡᓕᖅ,kigliK
ᑭᒍᑦ,kigut
ᑮ,kii
ᑮ,kii
ᑮᑉᔭᖅ,kiibyaK
ᑮᓇᖅ,kiinaK
ᑮᓇᖅ,kiinaK
ᑮᑕᒃ,kiitak
ᑭᔾᔨᖅ,kiyiK
ᑭᒃᖢ,kikLu
ᑭᑭᐊᒃ,kikiak
ᑭᑭᑦ,kikit
ᑭᒃᐸᖅ,kikpaK
ᑭᒃᓴᐅᑦ,kiksaut
ᑭᑯᓕᖅ,kikuliK
ᑭᓛ,kilaa
ᑭᓕᒃ,kilik
ᑭᓕᖅ,kiliK
ᑭᓕᐅᖅ,kiliuK
ᑭᓗ,kilu
ᑭᓗᒃ,kiluk
ᑭᒻᒥᒃ,kimik
ᑭᖔᖅ,kiqaaK
ᑭᖓᖅ,kiqaK
ᑭᖏᑦ,kiqit
ᑭᖑ,kiqu
ᑭᖑ,kiqu
ᑭᖑ,kiqu
ᑭᖑᖅ,kiquK
ᑭᓂ,kini
ᑭᓂᓕᖅ,kiniliK
ᑭᓂᖅ,kiniK
ᑭᓂᖅ,kiniK
ᑭᓂᕐᓯᑦ,kiniQsit
ᑭᙱᖅ,kiqiK
ᑭᐱ,kipi
ᑭᐱᒃᑕᑦ,kipiktat
ᑭᐱᖑ,kipiqu
ᑭᑉᑲᖅ,kipkaK
ᑭᑉᑲᖅ,kipkaK
ᑭᑉᐸᖅ,kipaK
ᑭᐳᒃ,kipuk
ᑭᓴᖅ,kisaK
ᑭᓯᐊᓂ,kisiani
ᑭᓯᒥ,kisimi
ᑭᔅᓯᒃ,kisik
ᑭᑎᒐᖅ,kitigaK
ᑭᑎᒃ,kitik
ᑭᑎᖑᔮᒃ,kitiquyaak
ᑭᐅ,kiu
ᑭᕕ,kivi
ᑭᕕᒃ,kivik
ᑭᕕᖅ,kiviK
ᑯᑉᓗ,kublu
ᑯᑉᕕᕆ,kubviQi
ᑯᑉᕕᑦ,kubvit
ᑯᒡᓗᒃ,kugluk
ᑯᔭᒃ,kuyak
ᑯᔭᒃ,kuyak
ᑯᔾᔭᒃ,kuyak
ᑯᔾᔭᖅ,kuyaK
ᑯᔾᔨᓂᖅ,kuyiniK
ᑯᑲᖅ,kukaK
ᑯᑭᒃ,kukik
ᑯᒃᑭ,kuki
ᑯᒃᑭ,kuki
ᑯᑯ,kuku
ᑯᑯᒃᐸᖅ,kukukpaK
ᑯᑯᕙᓛᖅ,kukuvalaaK
ᑯᓚᕙᒃ,kulavak
ᑯᒪᒃ,kumak
ᑯᒥᒃ,kumik
ᑯᓂᒍ,kunigu
ᑯᓂᒃ,kunik
ᑯᓰ,kusii
ᑯᓯᖅ,kusiK
ᑯᓯᖅ,kusiK
ᑯᑕᒃ,kutak
ᑰᒃ,kuuk
ᑰᒃ,kuuk
ᑰᑰᓯ,kuukuusi
ᑰᔅᓯᖅ,kuusiK
ᑰᑦ,kuut
ᑯᕕ,kuvi
ᒫᔪᖅ,maayuK
ᒫᒃᑐ,maaktu
ᒫᓐᓇ,maana
ᒫᕐᑕᒃ,maaQtak
ᒪᒍᔾᔨ,maguyi
ᒪᐃ,mai
ᒪᐃᑦ,mait
ᒪᔾᔮᖅ,mayaaK
ᒪᔪᖅ,mayuK
ᒪᒃᖤᒃ,makLak
ᒪᑭ,maki
ᒪᑭᑦ,makit
ᒪᒃᑲᖅ,makaK
ᒪᒃᑯᒃ,makuk
ᒪᒃᐸᑦ,makpat
ᒪᒃᐱᖅ,makpiK
ᒪᒃᑖᖅ,maktaaK
ᒪᒃᑕᒃ,maktak
ᒪᒃᑎᖅ,maktiK
ᒪᓚᑐ,malatu
ᒪᓕᒃ,malik
ᒪᓪᓛᖅ,malaaK
ᒪᓪᓕᐊᖅ,maliaK
ᒪᓪᓕᖅ,maliK
ᒪᓪᓕᖅ,maliK
ᒪᒫᖅ,mamaaK
ᒪᒫᖅ,mamaaK
ᒪᒪᖅ,mamaK
ᒪᒪᐅᑦ,mamaut
ᒪᒥᐊᒃ,mamiak
ᒪᒥᒃ,mamik
ᒪᒥᒃ,mamik
ᒪᒥᑦ,mamit
ᒪᒻᒥᑦ,mamit
ᒪᓇᖅ,manaK
ᒪᓇᖅ,manaK
ᒪᖓᑦ,maqat
ᒪᖏᒃ,maqik
ᒪᖏᑕᖅ,maqitaK
ᒪᖑᖅ,maquK
ᒪᓂᖅ,maniK
ᒪᓂᕋᖅ,maniQaK
ᒪᓐᓇᒃ,manak
ᒪᙱᖅ,maqiK
ᒪᙳᖅ,maquK
ᒪᙳᖅ,maquK
ᒪᓐᓂᒃ,manik
ᒪᓐᓂᒃ,manik
ᒪᓄ,manu
ᒪᓄᐊᖅ,manuaK
ᒪᑉᑭᒃ,mapkik
ᒪᑉᑯᖅ,mapkuK
ᒪᑉᓴᒃ,mapsak
ᒪᑉᓱᒃ,mapsuk
ᒪᖃᐃᑦ,maKait
ᒪᕿ,maKi
ᒪᕿ,maKi
ᒪᖁᒃ,maKuk
ᒪᖁᒃ,maKuk
ᒪᕋᖅ,maQaK
ᒪᕐᓂᖅ,maQniK
ᒪᕐᕋᓛᖅ,maQalaaK
ᒪᕐᕆ,maQi
ᒪᕐᕈ,maQu
ᒪᓴᒃ,masak
ᒪᓴᒃ,masak
ᒪᓴᒃ,masak
ᒪᓯᒋᕐᓂᖅ,masigiQniK
ᒪᓯᒃ,masik
ᒪᑦᓇ,matna
ᒪᑦᑖᖅ,mataaK
ᒪᑦᑎᒃ,matik
ᒪᑦᑐᑦ,matut
ᒪᑐ,matu
ᒪᑑᔮᖅ,matuuyaaK
ᒪᐅᔭ,mauya
ᒪᐅᔭᕋᖅ,mauyaQaK
ᒪᐅᓕᖅ,mauliK
ᒪᐅᓇ,mauna
ᒪᐅᓇᒃ,maunak
ᒪᐅᑦ,maut
ᒥᐊᒍᖅ,miaguK
ᒥᐊᓂᖅ,mianiK
ᒥᒃᖠᐊᖅ,mikLiaK
ᒥᒃ,mik
ᒥᑭ,miki
ᒥᑭᒃ,mikik
ᒥᒃᓴ,miksa
ᒥᒃᓱᒃ,miksuk
ᒥᓚᒃ,milak
ᒥᓕᖅ,miliK
ᒥᓗᒃ,miluk
ᒥᓗᖅ,miluK
ᒥᒥᖅ,mimiK
ᒥᓇᖅ,minaK
ᒥᓇᐅᒥᒃᖠᖅ,minaumikLiK
ᒥᖑᐊᖅ,miquaK
ᒥᖑᒃ,miquk
ᒥᓂ,mini
ᒥᓂᑦ,minit
ᒥᙱᖅ,miqiK
ᒥᙳᖅ,miquK
ᒥᑉᑯ,mipku
ᒥᕿᑦ,miKit
ᒥᖅᑯᖅ,miKuK
ᒥᖅᑯᖅ,miKuK
ᒥᖅᑯᑦ,miKut
ᒥᕆᐊᖅ,miQiaK
ᒥᕆᐊᖅ,miQiaK
ᒥᕐᐱᐊᖅ,miQpiaK
ᒥᕐᐱᒃ,miQpik
ᒥᕐᓱᖅ,miQsuK
ᒥᓴᒃᐸᓗᒃ,misakpaluk
ᒥᓯᐊᖅ,misiaK
ᒥᓯᒃ,misik
ᒥᓱᒃ,misuk
ᒥᑕᖅ,mitaK
ᒥᑎᖅ,mitiK
ᒥᑐᒃ,mituk
ᒥᐅᖅ,miuK
ᒥᐅᖅ,miuK
ᒧᒃᐸᐅᔭᖅ,mukpauyaK
ᒧᓕᒃ,mulik
ᒧᒥᒃ,mumik
ᒧᒥᖅ,mumiK
ᒧᕐᔪᒃ,muQyuk
ᓈ,naa
ᓈᔭᖅ,naayaK
ᓈᒃᑲ,naaka
ᓈᓚᒃ,naalak
ᓈᓚᐅᒃ,naalauk
ᓈᒪᒃ,naamak
ᓈᖅ,naaK
ᓈᓴᖅ,naasaK
ᓈᑦ,naat
ᓈᕕᒃ,naavik
ᓇᑉᒋ,nabgi
ᓇᑉᒍᐊᖅ,nabguaK
ᓇᑉᒍᐊᖅ,nabguaK
ᓇᑉᓗᒃ,nabluk
ᓇᒐᔾᔭᐅᖅ,nagayauK
ᓇᒡᒐᐃ,nagai
ᓇᒡᔪᒃ,nagyuk
ᓇᒡᓕᒃ,naglik
ᓇᒡᕚᖅ,nagvaaK
ᓇᒡᕚᖅ,nagvaaK
ᓇᐃ,nai
ᓇᐃᖅ,naiK
ᓇᐃᑦ,nait
ᓇᔭᒃ,nayak
ᓇᔭᓚᖅ,nayalaK
ᓇᔭᖓᖅ,nayaqaK
ᓇᔭᖓᖅ,nayaqaK
ᓇᔪᖅ,nayuK
ᓇᑲᓱᒃ,nakasuk
ᓇᑲᑦ,nakat
ᓇᑲᑦ,nakat
ᓇᑲᑕᖅ,nakataK
ᓇᑭᖅ,nakiK
ᓇᑭᖅ,nakiK
ᓇᑭᕐᓱᖅ,nakiQsuK
ᓇᒃᓴᖅ,naksaK
ᓇᒃᑐᕋᓕᒃ,naktuQalik
ᓇᑯ,naku
ᓇᑯᖅ,nakuK
ᓇᓚ,nala
ᓇᓪᓚᖅ,nalaK
ᓇᓪᓚᕆᒃ,nalaQik
ᓇᓪᓕᖅ,naliK
ᓇᓪᓕᕐᑐᖅ,naliQtuK
ᓇᓪᓕᐅᑎ,naliuti
ᓇᓪᓗᐊᖅ,naluaK
ᓇᓪᓗᐊᕐᓯᖅ,naluaQsiK
ᓇᓪᓗᖅ,naluK
ᓇᓗ,nalu
ᓇᓗᐊᖅ,naluaK
ᓇᓗᒃ,naluk
ᓇᖓᖅ,naqaK
ᓇᖏᐊᖅ,naqiaK
ᓇᖏᖅ,naqiK
ᓇᖕᒪᒃ,naqmak
ᓇᖕᒥᓂᖅ,naqminiK
ᓇᓂ,nani
ᓇᓂᕆᐊᖅ,naniQiaK
ᓇᓂᕐᓕ,naniQli
ᓇᙵᖅ,naqaK
ᓇᓄᖅ,nanuK
ᓇᐸ,napa
ᓇᑉᒍᐊᖅ,napguaK
ᓇᐱ,napi
ᓇᑉᐸᖅ,napaK
ᓇᑉᓯᒃ,napsik
ᓇᐳ,napu
ᓇᖃᖅ,naKaK
ᓇᕿᑦ,naKit
ᓇᕿᑦ,naKit
ᓇᖅᑯᖅ,naKuK
ᓇᖁᑦ,naKut
ᓇᕆᐊᖅ,naQiaK
ᓇᕆᐊᖅ,naQiaK
ᓇᕐᕈ,naQu
ᓇᕐᓴᖅ,naQsaK
ᓇᕐᓯᒃ,naQsik
ᓇᓴᖅ,nasaK
ᓇᓴᖅ,nasaK
ᓇᓯᑦ,nasit
ᓇᑖᖅ,nataaK
ᓇᑕᖅᑯᖅ,nataKuK
ᓇᑕᖁᕐᓇᒃ,nataKuQnak
ᓇᑕᖁᕐᓇᒃ,nataKuQnak
ᓇᑎᖅ,natiK
ᓇᑦᑎᖅ,natiK
ᓇᐅᒍᑎ,nauguti
ᓇᐅᔭ,nauya
ᓇᐅᒃ,nauk
ᓇᐅᒃ,nauk
ᓇᐅᑦᑎᖅ,nautiK
ᓂᐊᖔᒃ,niaqaak
ᓂᐊᖁᖅ,niaKuK
ᓂᐊᖁᖅ,niaKuK
ᓂᒐᖅ,nigaK
ᓂᒐᖅ,nigaK
ᓂᒐᕕᑦ,nigavit
ᓂᒡᒋᖅ,nigiK
ᓂᒡᒋᖅ,nigiK
ᓂᒡᔭᒃ,nigyak
ᓂᒡᔪᒃ,nigyuk
ᓂᒡᓚᖅ,niglaK
ᓂᒡᓕ,nigli
ᓂᒍᖅ,niguK
ᓃᕐᓗᒃ,niiQluk
ᓂᔾᔭ,niya
ᓂᑲ,nika
ᓂᑭᑦ,nikit
ᓂᒃᑯ,niku
ᓂᒃᐹᖅ,nikpaaK
ᓂᒃᐹᖅ,nikpaaK
ᓂᒃᓵᖅ,niksaaK
ᓂᒃᓯᒃ,niksik
ᓂᒃᓯᒃ,niksik
ᓂᒃᑕᖅ,niktaK
ᓂᑯᑉᔭᖅ,nikubyaK
ᓂᑯᕕᒃ,nikuvik
ᓂᓚᒃ,nilak
ᓂᓚᒪᒃ,nilamak
ᓂᓕᖅ,niliK
ᓂᒥᖅ,nimiK
ᓂᒥᖅ,nimiK
ᓂᖓᐅ,niqau
ᓂᖏᖅ,niqiK
ᓂᖏᑦ,niqit
ᓂᖏᐅᖅ,niqiuK
ᓂᖑ,niqu
ᓂᙵᖅ,niqaK
ᓂᐸᓗᒃ,nipaluk
ᓂᐸᖅ,nipaK
ᓂᐱ,nipi
ᓂᐱ,nipi
ᓂᐱ,nipi
ᓂᑉᔮᖅ,nipyaaK
ᓂᑉᓕᖅ,nipliK
ᓂᑉᑕ,nipta
ᓂᐴᖅ,nipuuK
ᓂᕿ,niKi
ᓂᖅᑐᖅ,niKtuK
ᓂᖁᖅ,niKuK
ᓂᕐᖠᖑ,niQLiqu
ᓂᕆ,niQi
ᓂᕆᐅᒃ,niQiuk
ᓂᕆᐅᖅ,niQiuK
ᓂᕐᔪᑦ,niQyut
ᓂᕐᓕᖅ,niQliK
ᓂᕐᓇᑦ,niQnat
ᓂᕐᐱᒃ,niQpik
ᓂᕐᕋᓛᖅ,niQalaaK
ᓂᕈ,niQu
ᓂᕈᐊᖅ,niQuaK
ᓂᕈᒪᒃ,niQumak
ᓂᕈᖃᖅ,niQuKaK
ᓂᐅ,niu
ᓂᐅ,niu
ᓂᐅᑉᕕᐅᖅ,niubviuK
ᓂᐅᒐᖅ,niugaK
ᓂᐅᒃ,niuk
ᓂᐅᖅ,niuK
ᓂᐅᕐᕈ,niuQu
ᓂᐅᕕᖅ,niuviK
ᓂᕙᖅ,nivaK
ᓂᕕᐊᕐᓵᖅ,niviaQsaaK
ᓂᕕᖓ,niviqa
ᓂᕕᖅ,niviK
ᓂᕕᐅᖅ,niviuK
ᓂᕕᐅᕙᖅ,niviuvaK
ᓄᐊ,nua
ᓄᐊᒃ,nuak
ᓄᑉᕕᖅ,nubviK
ᓄᒡᓗᒃ,nugluk
ᓄᐃ,nui
ᓄᐃᖅ,nuiK
ᓄᔭᖅ,nuyaK
ᓄᔪᐊᖅ,nuyuaK
ᓄᔪᐃᑦ,nuyuit
ᓄᑲᖅ,nukaK
ᓄᑭᒃ,nukik
ᓄᑭᒃ,nukik
ᓄᒃᑕᖅ,nuktaK
ᓄᒃᑕᖅ,nuktaK
ᓄᒃᑎᖅ,nuktiK
ᓄᓚᑕᖅ,nulataK
ᓄᓕᐊᖅ,nuliaK
ᓄᓪᓗᐊᖅ,nuluaK
ᓄᓗᐊᖅ,nuluaK
ᓄᓗᐊᖅ,nuluaK
ᓄᓗᖅ,nuluK
ᓄᓗᕋᖅ,nuluQaK
ᓄᒫ,numaa
ᓄᓇ,nuna
ᓄᖑᑦ,nuqut
ᓄᓂᖅ,nuniK
ᓄᓂᕙᒃᑲᒃ,nunivakak
ᓄᓐᓂᖅ,nuniK
ᓄᖅᑲᖅ,nuKaK
ᓄᖅᑭᑦ,nuKit
ᓄᕐᓗ,nuQlu
ᓄᕐᕋᖅ,nuQaK
ᓄᕐᕋᖅ,nuQaK
ᓄᕐᓴᖅ,nuQsaK
ᓄᔅᓱᒃ,nusuk
ᓄᓱᒃ,nusuk
ᓄᑦ,nut
ᓄᑖᖅ,nutaaK
ᓄᑕᕋᖅ,nutaQaK
ᓄᑎᑉᓕᖅ,nutibliK
ᓄᑎᒃ,nutik
ᓄᑐᖅᑯᑦ,nutuKut
ᓅᑦ,nuut
ᓄᕙᒃ,nuvak
ᓄᕕ,nuvi
ᓄᕕᕐᓴᖅ,nuviQsaK
ᓄᕗᔭ,nuvuya
ᓄᕗᔭ,nuvuya
ᓄᕗᒃ,nuvuk
ᐹ,paa
ᐹ,paa
ᐹᓪᓚᒃ,paalak
ᐹᖅ,paaK
ᐹᕐᖑᖅ,paaQquK
ᐹᓯᓂᖅ,paasiniK
ᐸᑉᓗ,pablu
ᐸᒡᒋᖅ,pagiK
ᐸᒡᕕᓴᒃ,pagvisak
ᐸᐃ,pai
ᐸᐃᔾᔭᕐᓗᒃ,paiyaQluk
ᐸᐃᓚᑦ,pailat
ᐸᔭᖅ,payaK
ᐸᔪᒃ,payuk
ᐸᑲᓪᓚᒃ,pakalak
ᐸᑭᓂᒃ,pakinik
ᐸᒃᑕᒃ,paktak
ᐸᒃᑕᒃ,paktak
ᐸᒃᑎᖅ,paktiK
ᐸᒃᑎᖅ,paktiK
ᐸᓚᖅ,palaK
ᐸᓚᐅᒑᖅ,palaugaaK
ᐸᓕᐊᖅ,paliaK
ᐸᓕᐊᖅ,paliaK
ᐸᓕᖅ,paliK
ᐸᓪᓕᖅ,paliK
ᐸᓪᓗᖅ,paluK
ᐸᓗᖓᑦᑎ,paluqati
ᐸᒪᖅ,pamaK
ᐸᒥᐅᖅ,pamiuK
ᐸᒻᒪᒃᑯᑦ,pamakut
ᐸᒻᒥᐅᖅ,pamiuK
ᐸᓇ,pana
ᐸᖓ,paqa
ᐸᖕᓂᖅ,paqniK
ᐸᓂᒃ,panik
ᐸᓂᑲᖅ,panikaK
ᐸᓂᖅ,paniK
ᐸᓐᓇᖅ,panaK
ᐸᙵᐃᖅ,paqaiK
ᐸᐹᖅ,papaaK
ᐸᐸᑦ,papat
ᐸᐱᒃ,papik
ᐸᑉᑯᔭᖅ,papkuyaK
ᐸᕿ,paKi
ᐸᕐᓚ,paQla
ᐸᕐᓇᖅ,paQnaK
ᐸᕈᖅ,paQuK
ᐸᓴ,pasa
ᐸᑕᔪᒃ,patayuk
ᐸᑕᖓ,pataqa
ᐸᑎ,pati
ᐸᑎᒃ,patik
ᐸᑎᒃ,patik
ᐸᑎᖅ,patiK
ᐸᑎᖅ,patiK
ᐸᑐᒃ,patuk
ᐸᑐᒃ,patuk
ᐸᐅᒑᕐᔪᒃ,paugaaQyuk
ᐸᐅᒡᒍᐊᖅ,pauguaK
ᐸᐅᒡᒍᐊᖅ,pauguaK
ᐸᐅᒃ,pauk
ᐸᐅᒃ,pauk
ᐸᐅᒃᑐᖅ,pauktuK
ᐸᐅᒥᑦ,paumit
ᐸᐅᓐᓇᑦ,paunat
ᐸᐅᑉᓱᐊᖅ,paupsuaK
ᐸᐅᕐᖓᒡ,pauQqag
ᐱ,pi
ᐱ,pi
ᐱᐊᒃ,piak
ᐱᐊᓚ,piala
ᐱᐊᓛᖅ,pialaaK
ᐱᐊᕋᖅ,piaQaK
ᐱᐊᔅᓵᓂ,piasaani
ᐱᑉᓕᑲᓇᖅ,piblikanaK
ᐱᒑᖅ,pigaaK
ᐱᒐᒑᖅ,pigagaaK
ᐱᒡᒍ,pigu
ᐱᒡᔪᖅ,pigyuK
ᐱᒡᓕᖅ,pigliK
ᐱᔾᔭᕆᒃ,piyaQik
ᐱᔪᐊᖅ,piyuaK
ᐱᑭ,piki
ᐱᑭᐊᖅ,pikiaK
ᐱᑭᖅᑲ,pikiKa
ᐱᑭᐅ,pikiu
ᐱᒃᑲᖅ,pikaK
ᐱᒃᓯᒃ,piksik
ᐱᒃᑕᐅ,piktau
ᐱᑯᒃ,pikuk
ᐱᓚᒃ,pilak
ᐱᓪᓚᑦᑎ,pilati
ᐱᓪᓕ,pili
ᐱᓪᓗᒃ,piluk
ᐱᓗᖅ,piluK
ᐱᖓᕐᓇᖅ,piqaQnaK
ᐱᖓᓱ,piqasu
ᐱᖏᒃ,piqik
ᐱᖑ,piqu
ᐱᖑᖅ,piquK
ᐱᓂᕋᖅ,piniQaK
ᐱᐱᒃᑲᓗᐊᒧᑦ,pipikaluamut
ᐱᑉᓯ,pipsi
ᐱᖃᓘᔭᖅ,piKaluuyaK
ᐱᖃᓐᓂᖅ,piKaniK
ᐱᖃᑕ,piKata
ᐱᖅᑳᖅ,piKaaK
ᐱᖅᑲᖅ,piKaK
ᐱᕆᑦ,piQit
ᐱᕐᔮᓪᓚᖅ,piQyaalaK
ᐱᕐᓕᖅ,piQliK
ᐱᕐᓗᒃ,piQluk
ᐱᕐᓂᖅ,piQniK
ᐱᕐᐸᓪᓚᖅ,piQpalaK
ᐱᕐᐸᓗᒃ,piQpaluk
ᐱᕐᕌᖅ,piQaaK
ᐱᕐᕋᖅ,piQaK
ᐱᕐᕈᐊᕿ,piQuaKi
ᐱᕐᓯᖅ,piQsiK
ᐱᕐᓯᖅ,piQsiK
ᐱᕐᑕᕐᓂᖅ,piQtaQniK
ᐱᕐᑐᕋᖅ,piQtuQaK
ᐱᕐᑐᕐᓯᕋᖅ,piQtuQsiQaK
ᐱᕈ,piQu
ᐱᕈ,piQu
ᐱᕈᖅ,piQuK
ᐱᓯᒥ,pisimi
ᐱᓯᖅ,pisiK
ᐱᓯᑎ,pisiti
ᐱᓱᒃ,pisuk
ᐱᑕᖅ,pitaK
ᐱᑕᖅ,pitaK
ᐱᑦᑎᖅ,pitiK
ᐱᑦᑎᐅᓛᖅ,pitiulaaK
ᐱᑐᒃ,pituk
ᐱᑐᒃ,pituk
ᐱᑐᖅᑯᑦ,pituKut
ᐱᑐᕋᖅ,pituQaK
ᐱᑐᕐᓂᖅ,pituQniK
ᐱᐅ,piu
ᐱᐅᓕ,piuli
ᐱᕕᒃ,pivik
ᐳᐊ,pua
ᐳᐊᓗᒃ,pualuk
ᐳᐊᕐᕆᑦ,puaQit
ᐳᑉᓚᖅ,publaK
ᐳᑉᓚᖅ,publaK
ᐳᐃ,pui
ᐳᐃᒍᖅ,puiguK
ᐳᔭ,puya
ᐳᔾᔪᒃ,puyuk
ᐳᔾᔪᒃ,puyuk
ᐳᔾᔪᖅ,puyuK
ᐳᔪᖅ,puyuK
ᐳᑲᒃ,pukak
ᐳᑭᖅ,pukiK
ᐳᑭᖅ,pukiK
ᐳᒃᑕ,pukta
ᐳᑯᒃ,pukuk
ᐳᓚ,pula
ᐳᓛᖅ,pulaaK
ᐳᓪᓚᑦ,pulat
ᐳᖓᖅ,puqaK
ᐳᖑᖅ,puquK
ᐳᓐᓂᖅ,puniK
ᐳᑉᑐᖅ,puptuK
ᐳᕐᕆᓛᖅ,puQilaaK
ᐳᓯ,pusi
ᐳᓯᒃᑲᖅ,pusikaK
ᐳᓯᑦ,pusit
ᐳᑦᑐᖅ,putuK
ᐳᑐ,putu
ᐳᑐ,putu
ᐴᑲᖅ,puukaK
ᐴᖅ,puuK
ᐴᖅ,puuK
ᐴᑦ,puut
ᐳᕙᒃ,puvak
ᐳᕕᖅ,puviK
ᐳᕕᖅᑯᒃ,puviKuk
ᖄ,Kaa
ᖄᒍᕐᓱᖅ,KaaguQsuK
ᖄᖅ,KaaK
ᖄᑦ,Kaat
ᖃᒑᖅ,KagaaK
ᖃᒐᕐᕋᖅ,KagaQaK
ᖃᒐᐅᕋ,KagauQa
ᖃᒡᒋ,Kagi
ᖃᒡᒋ,Kagi
ᖃᒡᓗᓕᒃ,Kaglulik
ᖃᒡᕕᒃ,Kagvik
ᖃᐃ,Kai
ᖃᐃᒻᖑᖅ,KaimquK
ᖃᐃᕐᑐᖅ,KaiQtuK
ᖃᐃᕈᓕᒃ,KaiQulik
ᖃᔭᖅ,KayaK
ᖃᔾᔪᔾᔭᐅ,Kayuyau
ᖃᔪᖅ,KayuK
ᖃᒃᖠ,KakLi
ᖃᒃᖢᑦᑐᖅ,KakLutuK
ᖃᑲᓛᖅ,KakalaaK
ᖃᑭ,Kaki
ᖃᑭᖅ,KakiK
ᖃᒃᑭᑦ,Kakit
ᖃᒃᑯᒍ,Kakugu
ᖃᒃᑯᑎᒃᑯᑦ,Kakutikut
ᖃᑯᐊᖅ,KakuaK
ᖃᑯᖅ,KakuK
ᖃᓛᖅ,KalaaK
ᖃᓛᖅ,KalaaK
ᖃᓛᓯᖅ,KalaasiK
ᖃᓕᕋᖅ,KaliQaK
ᖃᓗ,Kalu
ᖃᒪ,Kama
ᖃᒪᓂᖅ,KamaniK
ᖃᒪᖅ,KamaK
ᖃᒥᑦ,Kamit
ᖃᒻᖑᐃ,Kamqui
ᖃᒧᕋᔨ,KamuQayi
ᖃᒧᑦ,Kamut
ᖃᓇᒃ,Kanak
ᖃᓇᒃ,Kanak
ᖃᖓ,Kaqa
ᖃᖔᓗᒃ,Kaqaaluk
ᖃᖔᓗᒃ,Kaqaaluk
ᖃᖓᓕᒃ,Kaqalik
ᖃᖓᑕ,Kaqata
ᖃᖏᐊᖅ,KaqiaK
ᖃᖏᖅ,KaqiK
ᖃᖏᕙᖅ,KaqivaK
ᖃᖕᒪᓪᓕᖅ,KaqmaliK
ᖃᖑᖅ,KaquK
ᖃᓂᒪ,Kanima
ᖃᓂᖅ,KaniK
ᖃᓂᑦ,Kanit
ᖃᙵ,Kaqa
ᖃᓐᓂᖅ,KaniK
ᖃᓐᓂᖅ,KaniK
ᖃᓄᐃᑦ,Kanuit
ᖃᓄᖓ,Kanuqa
ᖃᓄᖅ,KanuK
ᖃᐸᒃ,Kapak
ᖃᐱᓪᓚᒃ,Kapilak
ᖃᐱᖅ,KapiK
ᖃᑉᓗ,Kaplu
ᖃᑉᓯᑦ,Kapsit
ᖃᑉᑎᖅ,KaptiK
ᖃᐳᒃ,Kapuk
ᖃᖃᖄᓚ,KaKaKaala
ᖃᖅᑲ,KaKa
ᖃᕐᖢ,KaQLu
ᖃᕆᑕᖅ,KaQitaK
ᖃᕐᔨᖅ,KaQyiK
ᖃᕐᔪᒃ,KaQyuk
ᖃᕐᓕᒃ,KaQlik
ᖃᕐᒪᖅ,KaQmaK
ᖃᕐᓴᐅᖅ,KaQsauK
ᖃᕈᕕᖅ,KaQuviK
ᖃᓵᒐᖅ,KasaagaK
ᖃᓯᒋᐊᖅ,KasigiaK
ᖃᓯᓕ,Kasili
ᖃᓱ,Kasu
ᖃᑕᐃᑦ,Katait
ᖃᑕᖓ,Kataqa
ᖃᑕᖓᖅ,KataqaK
ᖃᑎᒐᒃ,Katigak
ᖃᑎᑐ,Katitu
ᖃᑦᑕᖅ,KataK
ᖃᑦᑕᖅ,KataK
ᖃᑦᑎᒃ,Katik
ᖃᑐᑦ,Katut
ᖃᐅ,Kau
ᖃᐅ,Kau
ᖃᐅᔨ,Kauyi
ᖃᐅᓪᓗᒃ,Kauluk
ᖃᐅᖅ,KauK
ᖃᐅᖅ,KauK
ᖃᐅᓯᖅ,KausiK
ᖃᐅᓯᖅ,KausiK
ᖃᕖᖓ,Kaviiqa
ᖃᕕᖅ,KaviK
ᖃᕕᕐᐱᐅᑦ,KaviQpiut
ᖃᕝᕕᐊᓯᐊᖅ,KaviasiaK
ᕿᐊ,Kia
ᕿᐊᕐᖓᖅ,KiaQqaK
ᕿᑉᓕᖅ,KibliK
ᕿᒡᒋᖅ,KigiK
ᕿᒡᒍᖅ,KiguK
ᕿᒡᓗᒃ,Kigluk
ᖀᖅ,KiiK
ᕿᔪᒃ,Kiyuk
ᕿᑲ,Kika
ᕿᑭᖅᑲᖅ,KikiKaK
ᕿᑭᖅᑲᖅ,KikiKaK
ᕿᑭᕐᑕᖅ,KikiQtaK
ᕿᒃᑯᑦ,Kikut
ᕿᒃᓵᖅ,KiksaaK
ᕿᒃᓯᒥᒃ,Kiksimik
ᕿᒃᓱᓕᒃ,Kiksulik
ᕿᒃᑐᕌᖅ,KiktuQaaK
ᕿᒃᑐᕆᐊᖅ,KiktuQiaK
ᕿᑯᖅ,KikuK
ᕿᑯᖅ,KikuK
ᕿᓛ,Kilaa
ᕿᓚᒃ,Kilak
ᕿᓚᒃ,Kilak
ᕿᓚᓗᒐᖅ,KilalugaK
ᕿᓚᒻᒥᒃ,Kilamik
ᕿᓚᓈᖅ,KilanaaK
ᕿᓚᐅᑦ,Kilaut
ᕿᓕᕐᐸᖅ,KiliQpaK
ᕿᓕᕐᓯᓇᖅ,KiliQsinaK
ᕿᓕᕈᖅ,KiliQuK
ᕿᓗ,Kilu
ᕿᓗᐊ,Kilua
ᕿᓗᐊᖅ,KiluaK
ᕿᓗᐊᖅ,KiluaK
ᕿᓗᒃ,Kiluk
ᕿᓗᕆᐊᖅ,KiluQiaK
ᕿᒫ,Kimaa
ᕿᒪᒃ,Kimak
ᕿᒥᐊᖅ,KimiaK
ᕿᒥᐊᕐᔪᒃ,KimiaQyuk
ᕿᒥᕐᖢᒃ,KimiQLuk
ᕿᒥᕐᕈ,KimiQu
ᕿᒥᕈᑦ,KimiQut
ᕿᒥᑦ,Kimit
ᕿᒻᒥᖅ,KimiK
ᕿᒧᒡᔪᒃ,Kimugyuk
ᕿᒧᒃ,Kimuk
ᕿᓇᓗᒐᖅ,KinalugaK
ᕿᖓᖅ,KiqaK
ᕿᖕᓂᖅ,KiqniK
ᕿᓂᐊᖅ,KiniaK
ᕿᓂᖅ,KiniK
ᕿᙳᖅ,KiquK
ᕿᓄ,Kinu
ᕿᓄᒃ,Kinuk
ᕿᐸ,Kipa
ᕿᐸᓗᐊᖅ,KipaluaK
ᕿᐱᒃ,Kipik
ᕿᐱᒃ,Kipik
ᕿᐱᓗᒃ,Kipiluk
ᕿᐱᑦ,Kipit
ᕿᑉᔮᖅ,KipyaaK
ᕿᑉᔮᖅ,KipyaaK
ᕿᑉᓯ,Kipsi
ᕿᑉᑕᐃᖅ,KiptaiK
ᕿᐳᖅᑲ,KipuKa
ᕿᐳᖅᑭᖅ,KipuKiK
ᕿᕿ,KiKi
ᕿᖅᑯᐊᖅ,KiKuaK
ᕿᕋᑕ,KiQata
ᕿᕐᓕᕋᖅ,KiQliQaK
ᕿᕐᓗᑦ,KiQlut
ᕿᕐᓗᑎ,KiQluti
ᕿᕐᖓᖅ,KiQqaK
ᕿᕐᖑᒥᒃ,KiQqumik
ᕿᕐᓂᖅ,KiQniK
ᕿᕐᐸᒃ,KiQpak
ᕿᕐᓱᖅ,KiQsuK
ᕿᕐᓱᖅ,KiQsuK
ᕿᕐᑎ,KiQti
ᕿᕐᑐᑕᖅ,KiQtutaK
ᕿᓴᕐᕈᐊᖅ,KisaQuaK
ᕿᓯᒃ,Kisik
ᕿᔅᓯᖅ,KisiK
ᕿᔅᓱᒃ,Kisuk
ᕿᓱᒃ,Kisuk
ᕿᓱᒃ,Kisuk
ᕿᑎᒃ,Kitik
ᕿᑎᖅ,KitiK
ᕿᑎᕈᓪᓕᖅ,KitiQuliK
ᕿᑐᕐᖓᖅ,KituQqaK
ᕿᑐᑦ,Kitut
ᕿᐅ,Kiu
ᕿᐅᖅ,KiuK
ᕿᐅᕐᓂᑦ,KiuQnit
ᕿᕕᐊᖅ,KiviaK
ᕿᕕᒃ,Kivik
ᕿᕕᒃ,Kivik
ᕿᕕᐅ,Kiviu
ᖁᐊᔭᖅ,KuayaK
ᖁᐊᓂᖅ,KuaniK
ᖁᐊᖅ,KuaK
ᖁᐊᖅ,KuaK
ᖁᐊᕐᔪᒃ,KuaQyuk
ᖁᐊᕐᑕᖅ,KuaQtaK
ᖁᑉᓚᓂᖅ,KublaniK
ᖁᑉᕕᒃ,Kubvik
ᖁᒡᔪᒃ,Kugyuk
ᖁᒡᔪᖅ,KugyuK
ᖁᒡᕙᖅ,KugvaK
ᖁᐃ,Kui
ᖁᐃᒃ,Kuik
ᖁᐃᓕᕐᑕ,KuiliQta
ᖁᐃᓇᒃ,Kuinak
ᖁᐃᓂ,Kuini
ᖁᐃᖅᑐᖅ,KuiKtuK
ᖁᔭ,Kuya
ᖁᔭᓇ,Kuyana
ᖁᑲᖅ,KukaK
ᖁᑭᖅ,KukiK
ᖁᒃᓴ,Kuksa
ᖁᒃᓯᒃ,Kuksik
ᖁᓚ,Kula
ᖁᓚ,Kula
ᖁᓕᑦ,Kulit
ᖁᓪᓕᖁᓕᐊᕐᔪᒃ,KuliKuliaQyuk
ᖁᓗᐊᖅ,KuluaK
ᖁᓗᓱᒃ,Kulusuk
ᖁᒪᒃ,Kumak
ᖁᒪᖅ,KumaK
ᖁᒥᒃ,Kumik
ᖁᒻᒪᓱᒃ,Kumasuk
ᖁᒻᒧᑦ,Kumut
ᖁᒻᓈᖅ,KumnaaK
ᖁᖓᓯᖅ,KuqasiK
ᖁᖓᑦ,Kuqat
ᖁᖕᓂᖅ,KuqniK
ᖁᖑᔪᒃ,Kuquyuk
ᖁᓂᖅ,KuniK
ᖁᓄ,Kunu
ᖁᐸᓐᓄᐊᖅ,KupanuaK
ᖁᐱ,Kupi
ᖁᐱᖅᑯᖅ,KupiKuK
ᖁᑉᓗᖅ,KupluK
ᖁᑉᐸᖅ,KupaK
ᖁᑉᐱᖅ,KupiK
ᖁᑉᓱᒃ,Kupsuk
ᖁᐳᑎᓕᒃ,Kuputilik
ᖁᖄᒃ,KuKaak
ᖁᖁᐊᖅ,KuKuaK
ᖁᕐᓱᖅ,KuQsuK
ᖁᕐᑐᕋᖅ,KuQtuQaK
ᖁᕐᕕᒃ,KuQvik
ᖁᓱ,Kusu
ᖁᑦ,Kut
ᖁᑦᑎᒃ,Kutik
ᖁᑐᖅ,KutuK
ᖁᕕᐊᒃ,Kuviak
ᖁᕕᕐᓴᖅ,KuviQsaK
ᓵ,saa
ᓵᓚ,saala
ᓵᑦ,saat
ᓴᑉᒍᑦ,sabgut
ᓴᑉᓘᑕᖅ,sabluutaK
ᓴᑉᕗᖅ,sabvuK
ᓴᒡᒐᖅ,sagaK
ᓴᒡᓕᖅ,sagliK
ᓴᒡᓗ,saglu
ᓴᒡᕙᖅ,sagvaK
ᓴᐃᒪ,saima
ᓴᐃᑕᖅ,saitaK
ᓴᐃᑕᖅ,saitaK
ᓴᔪᒃ,sayuk
ᓴᑲ,saka
ᓴᑭ,saki
ᓴᑭᐊᖅ,sakiaK
ᓴᒃᑯ,saku
ᓴᒃᓯᖅ,saksiK
ᓴᑯᒃ,sakuk
ᓴᑯᒃ,sakuk
ᓴᓕᐊᖅ,saliaK
ᓴᓕᒃ,salik
ᓴᓪᓚᖅ,salaK
ᓴᓪᓗᒃ,saluk
ᓴᓪᓗᖅ,saluK
ᓴᓗᐊᖅ,saluaK
ᓴᓗᒃ,saluk
ᓴᓗᒻᒪ,saluma
ᓴᓇ,sana
ᓴᖑ,saqu
ᓴᓂ,sani
ᓴᓂᖅ,saniK
ᓴᓂᖅ,saniK
ᓴᓂᕋᕐᒥᒃ,saniQaQmik
ᓴᓂᕋᕐᒥᒃ,saniQaQmik
ᓴᓐᓇᓕᒃ,sanalik
ᓴᙱ,saqi
ᓴᓐᓂᖅ,saniK
ᓴᐸᖓᖅ,sapaqaK
ᓴᐱ,sapi
ᓴᐱᖅ,sapiK
ᓴᑉᑯᑦ,sapkut
ᓴᐳ,sapu
ᓴᐳᑦ,saput
ᓴᕿ,saKi
ᓴᖅᑲᖅ,saKaK
ᓴᖅᑭᒃ,saKik
ᓴᕋᑦ,saQat
ᓴᕆᒪ,saQima
ᓴᕐᓕᐊᖅ,saQliaK
ᓴᕐᓕᐊᖅ,saQliaK
ᓴᕐᐱᒃ,saQpik
ᓴᕐᐱᒃ,saQpik
ᓴᕐᕙᖅ,saQvaK
ᓴᕐᕙᖅ,saQvaK
ᓴᑐᖅ,satuK
ᓴᐅ,sau
ᓴᐅ,sau
ᓴᐅᒐᖅ,saugaK
ᓴᐅᓪᓘᑦ,sauluut
ᓴᐅᒥᒃ,saumik
ᓴᐅᓂᖅ,sauniK
ᓴᐅᓂᖅ,sauniK
ᓴᐅᕐᕋᖅ,sauQaK
ᓴᕙᒃ,savak
ᓴᕕᐊᖅ,saviaK
ᓴᕕᒃ,savik
ᓴᕕᒃ,savik
ᓯᐊ,sia
ᓯᐊᒃ,siak
ᓯᐊᑲ,siaka
ᓯᐊᒃᑐᑦ,siaktut
ᓯᐊᒪᒃ,siamak
ᓯᐊᖅᑭᑦ,siaKit
ᓯᐊᕐᓇᖅ,siaQnaK
ᓯᐊᕈ,siaQu
ᓯᑉᕕᐊᖅ,sibviaK
ᓯᑉᕗᖅ,sibvuK
ᓯᒐᓛᖅ,sigalaaK
ᓯᒐᖅ,sigaK
ᓯᒡᒋᑦ,sigit
ᓯᒡᒍᒃ,siguk
ᓯᒡᔭᖅ,sigyaK
ᓰᒃ,siik
ᓰᒥᒃ,siimik
ᓰᖅᑯᖅ,siiKuK
ᓰᕐᓇᒃ,siiQnak
ᓰᕐᓇᒃ,siiQnak
ᓰᕐᑎᑦ,siiQtit
ᓯᔾᔭᖅ,siyaK
ᓯᑲᖓ,sikaqa
ᓯᑭ,siki
ᓯᒃᑭᒃ,sikik
ᓯᒃᓯᒃ,siksik
ᓯᑯ,siku
ᓯᑯ,siku
ᓯᑯᒻᖏᖅ,sikumqiK
ᓯᓚ,sila
ᓯᓚᑕ,silata
ᓯᓕᒃ,silik
ᓯᓪᓕᖑᔨ,siliquyi
ᓯᓗ,silu
ᓯᓗᒃ,siluk
ᓯᒥᒃ,simik
ᓯᒥᒃ,simik
ᓯᓈ,sinaa
ᓯᓇᒃᔪᒃ,sinakyuk
ᓯᖓᐃ,siqai
ᓯᖏᖅ,siqiK
ᓯᖏᖅ,siqiK
ᓯᖕᓈ,siqnaa
ᓯᖑᒃ,siquk
ᓯᓂᒃ,sinik
ᓯᓂᒃ,sinik
ᓯᙵᖅ,siqaK
ᓯᐱ,sipi
ᓯᐱᒃᓴᖅ,sipiksaK
ᓯᑉᑭᖅ,sipkiK
ᓯᖃᓪᓕ,siKali
ᓯᕿᓂᖅ,siKiniK
ᓯᕿᓂᖅ,siKiniK
ᓯᕿᖅ,siKiK
ᓯᖅᑭᑦ,siKit
ᓯᖅᑯᐊᖅ,siKuaK
ᓯᖅᑯᖅ,siKuK
ᓯᖅᑯᖅ,siKuK
ᓯᖅᑯᖅ,siKuK
ᓯᖁᒥᒃ,siKumik
ᓯᖁᑉᓯᕋᖅ,siKupsiQaK
ᓯᖁᑉᑎᕐ,siKuptiQ
ᓯᕆᐊᖅ,siQiaK
ᓯᕐᓚᒃ,siQlak
ᓯᕐᓕᖅ,siQliK
ᓯᕐᓕᖅ,siQliK
ᓯᕐᓗᐊᖅ,siQluaK
ᓯᕐᒥᖅ,siQmiK
ᓯᕐᒥᖅ,siQmiK
ᓯᕐᐱᒃ,siQpik
ᓯᓴᖏᖅ,sisaqiK
ᓯᑕᒃ,sitak
ᓯᑕᒪᑦ,sitamat
ᓯᑕᕐᑕᖅ,sitaQtaK
ᓯᑎ,siti
ᓯᑎ,siti
ᓯᑦᓯᖅ,sitsiK
ᓯᑐ,situ
ᓯᑐ,situ
ᓯᐅᒃ,siuk
ᓯᐅᕋᖅ,siuQaK
ᓯᐅᑦ,siut
ᓯᕙ,siva
ᓯᕙᓂᖅ,sivaniK
ᓯᕕᒃ,sivik
ᓯᕕᖓ,siviqa
ᓯᕗ,sivu
ᓱ,su
ᓱᐊᖅ,suaK
ᓱᑉᓗ,sublu
ᓱᒐᓗᒃ,sugaluk
ᓱᒋᐊᖅ,sugiaK
ᓱᒋᐅᑦ,sugiut
ᓱᐃ,sui
ᓱᐃᓐᓇᖅ,suinaK
ᓱᑲ,suka
ᓱᑲᒃ,sukak
ᓱᑲᒃ,sukak
ᓱᑲᖅ,sukaK
ᓱᑭᑦ,sukit
ᓱᒃᑯ,suku
ᓱᑯᐃᖅ,sukuiK
ᓱᑰᖅ,sukuuK
ᓱᓕ,suli
ᓱᓕ,suli
ᓱᓗᑉᕙᐅᑦ,sulubvaut
ᓱᓗᒃ,suluk
ᓱᓗᒃᐸᐅᒐᖅ,sulukpaugaK
ᓱᓗᒃᓱᒃ,suluksuk
ᓱᓗᕋᖅ,suluQaK
ᓱᓇᒐᒡ,sunagag
ᓱᖓᖅ,suqaK
ᓱᖏᐅᑦ,suqiut
ᓱᙳᔮᖅ,suquyaaK
ᓱᐱ,supi
ᓱᖅᑲᖅ,suKaK
ᓱᖁ,suKu
ᓱᕋᖅ,suQaK
ᓱᕐᔪᒃ,suQyuk
ᓱᕐᓗᒃ,suQluk
ᓱᕐᐸᓚᒃ,suQpalak
ᓱᕈᔪᒃ,suQuyuk
ᓱᕈᓯᖅ,suQusiK
ᓲᒐᒥ,suugami
ᓲᖅ,suuK
ᓲᕐᓗ,suuQlu
ᓱᕙᒃ,suvak
ᓱᕙᓕᑭᐊᖅ,suvalikiaK
ᓱᕙᓕᑭᐊᖅ,suvalikiaK
ᓱᕙᐅᓐᓃᑦ,suvauniit
ᓱᕕᖅ,suviK
ᑖᒃ,taak
ᑖᖅ,taaK
ᑖᖅ,taaK
ᑕᑉᓗ,tablu
ᑕᒡᒋᐅᒃ,tagiuk
ᑕᒡᒋᐅᒃ,tagiuk
ᑕᒡᒍᑦ,tagut
ᑕᒡᒎᒃ,taguuk
ᑕᒡᓕᖅ,tagliK
ᑕᐃ,tai
ᑕᐃᒍᖅ,taiguK
ᑕᐃᒪ,taima
ᑕᐃᒫᒃ,taimaak
ᑕᐃᒪᓐᓇ,taimana
ᑕᔭᖅ,tayaK
ᑕᔭᕐᓇᖅ,tayaQnaK
ᑕᔭᕐᓂᖅ,tayaQniK
ᑕᔾᔪᐃᑦ,tayuit
ᑕᑭ,taki
ᑕᒃᐱᒃ,takpik
ᑕᒃᓯᖅ,taksiK
ᑕᒃᓯᖅ,taksiK
ᑕᒃᑐᒃ,taktuk
ᑕᑯ,taku
ᑕᓕᒃ,talik
ᑕᓕᖅ,taliK
ᑕᓕᕐᐱᒃ,taliQpik
ᑕᓪᓕᒃ,talik
ᑕᓪᓕᒪ,talima
ᑕᓗ,talu
ᑕᒻᒪᖅ,tamaK
ᑕᒻᒪᖅ,tamaK
ᑕᒧᐊ,tamua
ᑕᖏᖅ,taqiK
ᑕᖕᒫᖅ,taqmaaK
ᑕᓂᒌᒃᑯᑦ,tanigiikut
ᑕᐸ,tapa
ᑕᐹᑭ,tapaaki
ᑕᐱᖑᖅ,tapiquK
ᑕᐱᖅ,tapiK
ᑕᑉᓯ,tapsi
ᑕᑉᓯ,tapsi
ᑕᑉᓯᒃ,tapsik
ᑕᖃ,taKa
ᑕᖃᒃ,taKak
ᑕᖅᑭᖅ,taKiK
ᑕᖅᑭᕐᓱᖅ,taKiQsuK
ᑕᖁᐊᖅ,taKuaK
ᑕᖁᐊᖅ,taKuaK
ᑕᕆᐅᖅ,taQiuK
ᑕᕐᔮᕋᖅ,taQyaaQaK
ᑕᕐᔭᖅ,taQyaK
ᑕᕐᒥᓗᕿ,taQmiluKi
ᑕᕐᓂᖅ,taQniK
ᑕᕐᐸᒃ,taQpak
ᑕᕐᐸᖅ,taQpaK
ᑕᕐᕋᖅ,taQaK
ᑕᕐᕈᒫᖅ,taQumaaK
ᑕᕐᓴᖅ,taQsaK
ᑕᕐᓴᖅ,taQsaK
ᑕᕐᑎᑕᖅ,taQtitaK
ᑕᕐᑐ,taQtu
ᑕᓯᒃᑯᐊᖅ,tasikuaK
ᑕᓯᒃᑯᐊᖅ,tasikuaK
ᑕᓯᖅ,tasiK
ᑕᓯᑦ,tasit
ᑕᓯᐅᖅ,tasiuK
ᑕᑕᑦ,tatat
ᑕᑕᑦ,tatat
ᑕᑎ,tati
ᑕᑎᒡᒐᖅ,tatigaK
ᑕᑦᑎ,tati
ᑕᑦᑐᐃ,tatui
ᑕᑦᑐᖅ,tatuK
ᑕᐅᕐᓯ,tauQsi
ᑕᐅᑐᒃ,tautuk
ᑕᕝᕚᑭ,tavaaki
ᑕᕝᕚᑭ,tavaaki
ᑎᑉᔭᖅ,tibyaK
ᑎᑉᓕ,tibli
ᑎᑉᓕᕐᑎᕈᑦ,tibliQtiQut
ᑎᑉᕗᐊᖅ,tibvuaK
ᑎᒐᖅ,tigaK
ᑎᒡᒐᒃ,tigak
ᑎᒋᒃ,tigik
ᑎᒡᔪᖅ,tigyuK
ᑎᒡᓕᒃ,tiglik
ᑎᒡᓕᖅ,tigliK
ᑎᒡᓗᒃ,tigluk
ᑎᒍ,tigu
ᑎᒍᐊᖅ,tiguaK
ᑏ,tii
ᑎᔭ,tiya
ᑎᑭᖅ,tikiK
ᑎᑭᑦ,tikit
ᑎᒃᐱᒃ,tikpik
ᑎᒃᑎᑦ,tiktit
ᑎᓕ,tili
ᑎᓕᐅᖅ,tiliuK
ᑎᓪᓕᖅ,tiliK
ᑎᓗᒃ,tiluk
ᑎᒪ,tima
ᑎᒪᐅᑦᑎ,timauti
ᑎᒥ,timi
ᑎᒥᕐᑎ,timiQti
ᑎᓇᖅ,tinaK
ᑎᖓᐅᔭᑦ,tiqauyat
ᑎᖏᕐᕋᖅ,tiqiQaK
ᑎᖏᑦ,tiqit
ᑎᖕᒥ,tiqmi
ᑎᖑᒃ,tiquk
ᑎᓂᑦ,tinit
ᑎᐹᒃ,tipaak
ᑎᐱ,tipi
ᑎᐱ,tipi
ᑎᑉᓯ,tipsi
ᑎᑉᓯᒃ,tipsik
ᑎᕿᐊᖅ,tiKiaK
ᑎᕿᑦᑐᖅ,tiKituK
ᑎᕋᐅᔭᑦ,tiQauyat
ᑎᕆ,tiQi
ᑎᕆᐊᖅ,tiQiaK
ᑎᕆᒐᓂᐊᖅ,tiQiganiaK
ᑎᕆᒡᓗᒃ,tiQigluk
ᑎᕆᒃ,tiQik
ᑎᕆᒃᓴᖅ,tiQiksaK
ᑎᕆᖕᓇᒃ,tiQiqnak
ᑎᕆᖅᑯᖅ,tiQiKuK
ᑎᕐᓕᒃ,tiQlik
ᑎᕐᑎᑦ,tiQtit
ᑎᕐᑎᑦ,tiQtit
ᑎᑕᖅ,titaK
ᑎᑎᖅ,titiK
ᑎᑐᓛᖅ,titulaaK
ᑦᑎᐊᑦᓇ,tiatna
ᑐᐊᐸᒃ,tuapak
ᑐᐊᑦ,tuat
ᑐᐊᕕᖅ,tuaviK
ᑐᑉᔭᖅ,tubyaK
ᑐᑉᕕᒃ,tubvik
ᑐᒐᓕᐊᖅ,tugaliaK
ᑐᒡᓚᖅ,tuglaK
ᑐᒡᓕ,tugli
ᑐᐃ,tui
ᑐᔾᔭᐱᒃ,tuyapik
ᑐᔾᔭᖅ,tuyaK
ᑐᔪᖅ,tuyuK
ᑐᔪᕐᒥ,tuyuQmi
ᑐᑲᐃᓪᓛ,tukailaa
ᑐᑲᑐᒃ,tukatuk
ᑐᑲᑐᒃ,tukatuk
ᑐᑭ,tuki
ᑐᑭᖅ,tukiK
s,push
s,push
ᑐᑭᖅ,tukiK
ᑐᒃᑯ,tuku
ᑐᒃᑯᖅ,tukuK
ᑐᒃᓯᖅ,tuksiK
ᑐᒃᑐ,tuktu
ᑐᓚᖅ,tulaK
ᑐᓕᒫᖅ,tulimaaK
ᑐᓪᓕᒃ,tulik
ᑐᓪᓕᖅ,tuliK
ᑐᓗᒐᖅ,tulugaK
ᑐᓗᖅ,tuluK
ᑐᓗᕆᐊᖅ,tuluQiaK
ᑐᒥ,tumi
ᑐᒻᒪᖅ,tumaK
ᑐᒻᒪᖅ,tumaK
ᑐᒻᓂᖅ,tumniK
ᑐᖓ,tuqa
ᑐᖑᓂᖅ,tuquniK
ᑐᖑᖅ,tuquK
ᑐᖑᑦ,tuqut
ᑐᓂ,tuni
ᑐᓂᖅ,tuniK
ᑐᓂᖅ,tuniK
ᑐᓂᕐᔪᒃ,tuniQyuk
ᑐᙵ,tuqa
ᑐᓐᓄᖅ,tunuK
ᑐᓄ,tunu
ᑐᓄᓂᖅ,tununiK
ᑐᐸᖅ,tupaK
ᑐᐱᖅ,tupiK
ᑐᐱᖅ,tupiK
ᑐᐱᑦ,tupit
ᑐᑉᑯᔭᖅ,tupkuyaK
ᑐᐳᑕᖅ,tuputaK
ᑐᖃᓗᒃ,tuKaluk
ᑐᖃᓗᒃ,tuKaluk
ᑐᖅᑭᒃ,tuKik
ᑐᖅᑯᖅ,tuKuK
ᑐᖁ,tuKu
ᑐᖁ,tuKu
ᑐᕐᖢᒃ,tuQLuk
ᑐᕐᖢᒃ,tuQLuk
ᑐᕌᖅ,tuQaaK
ᑐᕆᐊᑦ,tuQiat
ᑐᕐᕈ,tuQu
ᑐᕐᓲᒃ,tuQsuuk
ᑐᓴᖅ,tusaK
ᑐᓯᐊᑦ,tusiat
ᑐᓲ,tusuu
ᑐᓲ,tusuu
ᑐᑦ,tut
ᑐᑕᖅ,tutaK
ᑐᑎ,tuti
ᑐᑎᒃ,tutik
ᑑᒃᑲᖅ,tuukaK
ᑑᓪᓕᒃ,tuulik
ᑑᖅ,tuuK
ᑑᖅ,tuuK
ᑑᕐᖏ,tuuQqi
ᑐᕙᖅ,tuvaK
ᑐᕙᖅ,tuvaK
ᐅᐊ,ua
ᐅᐊᖕᓇᖅ,uaqnaK
ᐅᐊᖕᓇᖅ,uaqnaK
ᐅᐊᖅ,uaK
ᐅᐊᖅ,uaK
ᐅᐊᓴᖅ,uasaK
ᐅᐊᑦᑎᐊᖅ,uatiaK
ᐅᐊᑦᑎᐊᕈᒃ,uatiaQuk
ᐅᑉᓛᖅ,ublaaK
ᐅᑉᓗ,ublu
ᐅᑉᓗᖅ,ubluK
ᐅᑉᓗᕆᐊᖅ,ubluQiaK
ᐅᒐᕐᓯᖅ,ugaQsiK
ᐅᒡᒍᐊᖅ,uguaK
ᐅᒋᐊᖅ,ugiaK
ᐅᒡᔪᒃ,ugyuk
ᐅᒡᓚᖅ,uglaK
ᐅᒡᓕᖅ,ugliK
ᐅᐃ,ui
ᐅᐃᒍᖅ,uiguK
ᐅᐃᒪ,uima
ᐅᐃᕿᒪᐃᑦ,uiKimait
ᐅᐃᕆᑦ,uiQit
ᐅᐃᕐᖓᖅ,uiQqaK
ᐅᐃᕐᓂᖅ,uiQniK
ᐅᐃᑦ,uit
ᐅᐃᕙᖅ,uivaK
ᐅᐃᕕᕆ,uiviQi
ᐅᔭ,uya
ᐅᔭᒃ,uyak
ᐅᔭᕋᖅ,uyaQaK
ᐅᔭᕋᖅ,uyaQaK
ᐅᔭᑦᑎᐅᑦ,uyatiut
ᐅᔭᐅᔮᖅ,uyauyaaK
ᐅᔾᔨᖅ,uyiK
ᐅᔪᒥᕆᐊᖅ,uyumiQiaK
ᐅᔪᕈ,uyuQu
ᐅᔫ,uyuu
ᐅᑲᓕᖅ,ukaliK
ᐅᑲᒪᖅ,ukamaK
ᐅᑭᐊᖅ,ukiaK
ᐅᑭᔨ,ukiyi
ᐅᑭᓕᕆᐊᖅ,ukiliQiaK
ᐅᑭᑦ,ukit
ᐅᑭᐅᖅ,ukiuK
ᐅᑭᐅᖅ,ukiuK
ᐅᒃᑲᖅ,ukaK
ᐅᒃᑯᐊᖅ,ukuaK
ᐅᒃᑯᐊᖅ,ukuaK
ᐅᒃᐸᑦ,ukpat
ᐅᒃᐱᒃ,ukpik
ᐅᒃᐱᑲᖅ,ukpikaK
ᐅᒃᐱᖅ,ukpiK
ᐅᑯ,uku
ᐅᑯᐊᖅ,ukuaK
ᐅᑯᓯᒃ,ukusik
ᐅᓚᒥᖅ,ulamiK
ᐅᓚᕿ,ulaKi
ᐅᓕᒃ,ulik
ᐅᓕᒃ,ulik
ᐅᓕᒪᒃ,ulimak
ᐅᓕᖅ,uliK
ᐅᓕᑦ,ulit
ᐅᓕᑦ,ulit
ᐅᓕᐅᑦ,uliut
ᐅᓪᓛ,ulaa
ᐅᓪᓚᖅ,ulaK
ᐅᓗ,ulu
ᐅᓗᐊᖅ,uluaK
ᐅᓗᒃ,uluk
ᐅᓗᖅ,uluK
ᐅᓗᕆᐊᖅ,uluQiaK
ᐅᓗᕐᓂᖅ,uluQniK
ᐅᒪᖅ,umaK
ᐅᒥᐊᖅ,umiaK
ᐅᒥᒃ,umik
ᐅᒥᒃ,umik
ᐅᒥᓇᒃ,uminak
ᐅᒻᒪᒃ,umak
ᐅᒻᒥᒃ,umik
ᐅᓇ,una
ᐅᓈᖅ,unaaK
ᐅᓇᓕᖅ,unaliK
ᐅᓇᕐᒥ,unaQmi
ᐅᓇᑕᖅ,unataK
ᐅᖓ,uqa
ᐅᖓ,uqa
ᐅᖓᑦ,uqat
ᐅᖓᑕ,uqata
ᐅᖏᓚᖅ,uqilaK
ᐅᖏᖅ,uqiK
ᐅᖏᕐᓚᖅ,uqiQlaK
ᐅᖑᐊ,uqua
ᐅᖑᒪ,uquma
ᐅᖑᑉᖁᐊᖅ,uqupKuaK
ᐅᖒᖅ,uquuK
ᐅᓂ,uni
ᐅᓂᐊᖅ,uniaK
ᐅᓂᒃ,unik
ᐅᓂᑉᑳᖅ,unipkaaK
ᐅᓂᑉᑳᖅ,unipkaaK
ᐅᓂᖅ,uniK
ᐅᓂᐅᖅ,uniuK
ᐅᓂᐅᑦ,uniut
ᐅᙳᖅ,uquK
ᐅᓐᓃᑦ,uniit
ᐅᓐᓂᖅ,uniK
ᐅᓐᓄᒃ,unuk
ᐅᓐᓄᒃ,unuk
ᐅᓄᖅ,unuK
ᐅᐸᒃ,upak
ᐅᐸᓗᖏᖅ,upaluqiK
ᐅᐸᓗᖅ,upaluK
ᐅᐱᒃ,upik
ᐅᐱᕐᖔᖅ,upiQqaaK
ᐅᑉᓯᒃ,upsik
ᐅᑉᓯᕆ,upsiQi
ᐅᖃᖅ,uKaK
ᐅᖃᖅ,uKaK
ᐅᕿᑦ,uKit
ᐅᖅᑰ,uKuu
ᐅᖅᓱᖅ,uKsuK
ᐅᖁᒃ,uKuk
ᐅᖁᒪᐃᑦ,uKumait
ᐅᖁᒻᒥᖅ,uKumiK
ᐅᕆᐊᖅ,uQiaK
ᐅᕆᐊᖅ,uQiaK
ᐅᕇᖅ,uQiiK
ᐅᕐᔪᖅ,uQyuK
ᐅᕐᓕᖅ,uQliK
ᐅᕐᓂᒃ,uQnik
ᐅᕐᐱᒃ,uQpik
ᐅᕐᕈ,uQu
ᐅᕐᕈᓗ,uQulu
ᐅᕐᕈᕋᖅ,uQuQaK
ᐅᕐᓯᖅ,uQsiK
ᐅᕐᓯᖅ,uQsiK
ᐅᕈᓂᖅ,uQuniK
ᐅᓯ,usi
ᐅᓯ,usi
ᐅᓰᑦ,usiit
ᐅᓯᖅ,usiK
ᐅᓯᕋᖅ,usiQaK
ᐅᓱᒃ,usuk
ᐅᑕᔪᕋᖅ,utayuQaK
ᐅᑕᖅᑭ,utaKi
ᐅᑎ,uti
ᐅᑎᖅ,utiK
ᐅᑦᑑᒃ,utuuk
ᐅᑐᖅᑲᖅ,utuKaK
ᐆᒐᖅ,uugaK
ᐆᔪᖅ,uuyuK
ᐆᒃ,uuk
ᐆᒃᑲᖅ,uukaK
ᐆᓕᒃ,uulik
ᐆᒪ,uuma
ᐆᒥ,uumi
ᐆᒥᓚᖅ,uumilaK
ᐆᒻᒪᑦ,uumat
ᐆᑦ,uut
ᐆᑦᑐᖅ,uutuK
ᐅᕙᑦᑎᐅᑎᒃ,uvatiutik
ᐅᕕᓗᖅ,uviluK
ᐅᕕᖏᐊᖅ,uviqiaK
ᐅᕕᓂᒃ,uvinik
ᐅᕕᖅ,uviK
