aashwi,aashwi
ahwL,ahwL
ahwsalc,ahwsalc
ahwsnic,ahwsnic
ahwsan,ahwsan
ahwsm,ahwsm
ahwsnic,ahwsnic
asKupuuts,asKupuuts
akwa,akwa
ak!wi,ak!wi
ak!wna,ak!wna
alatk,alatk
alatsihwlks,alatsihwlks
alat!si,alat!si
aL,aL
aLalatsihwiks,aLalatsihwiks
aLaysts,aLaysts
aLculculuuL,aLculculuuL
aLi,aLi
aLiKwis,aLiKwis
aLLxapaliikwi,aLLxapaliikwi
aLku,aLku
aLkusuK!,aLkusuK!
aLkwayxuuL,aLkwayxuuL
aLk!whwmitsut,aLk!whwmitsut
aLkwit!l,aLkwit!l
aLkwltsut,aLkwltsut
aLlik!,aLlik!
aLlt!lliiKw,aLlt!lliiKw
aLluluL,aLluluL
aLps,aLps
aLK,aLK
aLKat!iiKw,aLKat!iiKw
aLK!laxLL,aLK!laxLL
aLKuL,aLKuL
aLK!walmuuL,aLK!walmuuL
aLKwit!l,aLKwit!l
aLtcuhwt!luk!us,aLtcuhwt!luk!us
aLtiixw,aLtiixw
aLt!lpaaxulmc,aLt!lpaaxulmc
aLtsmK!maalki,aLtsmK!maalki
aLtsxwm,aLtsxwm
aLtunica,aLtunica
aLtxuuxnkus,aLtxuuxnkus
aLukwala,aLukwala
aLxapa,aLxapa
aLxapaliikw,aLxapaliikw
aLxws,aLxws
aLl,aLl
aLl,aLl
aL,aL
aL,aL
aliits,aliits
almk,almk
alulu,alulu
aluux,aluux
aLakli,aLakli
aLk!iLtu,aLk!iLtu
aLk!mnaaLts,aLk!mnaaLts
aLkwilm,aLkwilm
aLkwlaaxuts,aLkwlaaxuts
aLmuL,aLmuL
aLpaax,aLpaax
aLp!alc,aLp!alc
aLK!walayclc,aLK!walayclc
aLtmpaaxalitsm,aLtmpaaxalitsm
aLt!sktiiL,aLt!sktiiL
aLtsm,aLtsm
aLulik,aLulik
aLl,aLl
aLl,aLl
aLl,aLl
aLl,aLl
amatalaaL,amatalaaL
amatalaaxt,amatalaaxt
amatlikt,amatlikt
amatuts,amatuts
amal,amal
amL,amL
amLam,amLam
amLami,amLami
amLtam,amLtam
amuL,amuL
aml,aml
aml,aml
anaLa,anaLa
anana,anana
anayk,anayk
anaats,anaats
anis,anis
ank!pts,ank!pts
ank!ptsi,ank!ptsi
antsn,antsn
antsns,antsns
antsnsLp,antsnsLp
anukalikuuts,anukalikuuts
anukaliuuLla,anukaliuuLla
anukit!sm,anukit!sm
anukit!smiixw,anukit!smiixw
anukum,anukum
anuk!wna,anuk!wna
anuLcum,anuLcum
anuLt!s,anuLt!s
anulikutsayc,anulikutsayc
anuKum,anuKum
anuscnas,anuscnas
anuskwtmts,anuskwtmts
anust!hwmaaxm,anust!hwmaaxm
anustsayanm,anustsayanm
anutakanm,anutakanm
anuxuumxumi,anuxuumxumi
aphw,aphw
apls,apls
aps,aps
apsuL,apsuL
aK!miixaLp,aK!miixaLp
aKs,aKs
aK!w,aK!w
aK!wm,aK!wm
asaalxi,asaalxi
asaaKlayc,asaaKlayc
asalaaxaLt,asalaaxaLt
asalxi,asalxi
asanani,asanani
asaK!ws,asaK!ws
asaaK,asaaK
ashw,ashw
ashwaaL,ashwaaL
asik,asik
asikaax,asikaax
asiL,asiL
asixw,asixw
aslit!s,aslit!s
asmila,asmila
asmus,asmus
asnalusaax,asnalusaax
asnalusaK!ws,asnalusaK!ws
asnalusthwiL,asnalusthwiL
asKayaL,asKayaL
asKaykus,asKaykus
asaak,asaak
asalaaxtlayc,asalaaxtlayc
asaax,asaax
asiiKw,asiiKw
astipalaktm,astipalaktm
astsayuLm,astsayuLm
ast!saL,ast!saL
ast!slniikL,ast!slniikL
astsltsli,astsltsli
astsm,astsm
asuk!,asuk!
asuuLikaL,asuuLikaL
asuuts,asuuts
at!aaksta,at!aaksta
at!maakw,at!maakw
atma,atma
atsaya,atsaya
at!saLani,at!saLani
at!sta,at!sta
atsiwa,atsiwa
atsi,atsi
aw,aw
awanaaxkw,awanaaxkw
awk!awaL,awk!awaL
axtstmahw,axtstmahw
ayk!aL,ayk!aL
ayk!mL,ayk!mL
ayk!uL,ayk!uL
ayk!uts,ayk!uts
al,al
aaxL,aaxL
aaxn,aaxn
aaxKa,aaxKa
aaxKayalus,aaxKayalus
cm,cm
cmaaxak,cmaaxak
cmcmi,cmcmi
cmnalus,cmnalus
cnaasL,cnaasL
cnas,cnas
cncnaasi,cncnaasi
cp,cp
cuk!m,cuk!m
cuk!m,cuk!m
cul,cul
culculm,culculm
cum,cum
hwilm,hwilm
hwin,hwin
hwiK!,hwiK!
hwl,hwl
hwla,hwla
hwlaaxuts,hwlaaxuts
hwliixw,hwliixw
hwlwla,hwlwla
hwm,hwm
hwmtsut,hwmtsut
hwp,hwp
hwpakm,hwpakm
hwpaL,hwpaL
hwpank,hwpank
hwp!,hwp!
hwplxs,hwplxs
hwplxs,hwplxs
hwptsut,hwptsut
hwt!,hwt!
hwts,hwts
hwtsalusm,hwtsalusm
hwtslcakm,hwtslcakm
hwlaaxuts,hwlaaxuts
hal,hal
icmusa,icmusa
icp!icLp,icp!icLp
icuk!wplc,icuk!wplc
icl,icl
icl,icl
icl,icl
iikLii,iikLii
iina,iina
iipts,iipts
iixLp,iixLp
iixsa,iixsa
iixw,iixw
ik!ayLp,ik!ayLp
ik!L,ik!L
ik!nuwas,ik!nuwas
ik!wlst,ik!wlst
ikwLamk,ikwLamk
iLt!amL,iLt!amL
iLtsay,iLtsay
ilk,ilk
iLm,iLm
im,im
imlaakwL,imlaakwL
imlk,imlk
imlmlki,imlmlki
imlmlkii,imlmlkii
imts,imts
inahw,inahw
inip!uuststa,inip!uuststa
ink!iptLp,ink!iptLp
inu,inu
inl,inl
ipatsut,ipatsut
iptsaak,iptsaak
ipu,ipu
iK!im,iK!im
iK!uts,iK!uts
iscsiiL,iscsiiL
isaata,isaata
isut,isut
ist!xnuL,ist!xnuL
istsk!nimut,istsk!nimut
ist!skw,ist!skw
itkuut,itkuut
it!lyukmtmahw,it!lyukmtmahw
itKu,itKu
its,its
itsa,itsa
it!samni,it!samni
ituuxt,ituuxt
it!st,it!st
itskw,itskw
ix,ix
ixixi,ixixi
ixK!m,ixK!m
ixKlm,ixKlm
ixw,ixw
il,il
kaakp!ayi,kaakp!ayi
kaakts'ani,kaakts'ani
kakaatsii,kakaatsii
kalastakw,kalastakw
kaLcmanwastsut,kaLcmanwastsut
kaLnmnmk!,kaLnmnmk!
kaLKax,kaLKax
kaliks,kaliks
kalyaakas,kalyaakas
kamaL,kamaL
kamaL,kamaL
kanusyam,kanusyam
kap!ay,kap!ay
kap!ay,kap!ay
kap!aytam,kap!aytam
kasmiuL,kasmiuL
kasmiw,kasmiw
kasmiwi,kasmiwi
kasKax,kasKax
kastsayuL,kastsayuL
kat!san,kat!san
kat!st,kat!st
kawaaLta,kawaaLta
kawnkta,kawnkta
kaycii,kaycii
kaynucs,kaynucs
k!ahw,k!ahw
k!ak!puutsi,k!ak!puutsi
k!aLm,k!aLm
k!am,k!am
k!amk!,k!amk!
k!amwas,k!amwas
k!anawiL,k!anawiL
k!ankuus,k!ankuus
k!apatuts,k!apatuts
k!aputs,k!aputs
k!aKaasi,k!aKaasi
k!aKas,k!aKas
k!aKasuL,k!aKasuL
k!awn,k!awn
k!c,k!c
k!ihw,k!ihw
k!ik!naahwi,k!ik!naahwi
kiikya,kiikya
k!iLcnalslc,k!iLcnalslc
k!iLkwtmts,k!iLkwtmts
k!iLnus,k!iLnus
k!iLl,k!iLl
k!iL,k!iL
k!inahw,k!inahw
k!ip,k!ip
k!ipt,k!ipt
k!ismaw,k!ismaw
k!ist!skuuts,k!ist!skuuts
k!ita,k!ita
kikya,kikya
kikyu,kikyu
kikyum,kikyum
k!lat,k!lat
k!lay,k!lay
kilm,kilm
k!m,k!m
k!mani,k!mani
k!mck!witxw,k!mck!witxw
k!mt,k!mt
kinkin,kinkin
kinkinLp,kinkinLp
k!nm,k!nm
k!nts,k!nts
kip!aaksta,kip!aaksta
kip!lxsaLm,kip!lxsaLm
kip!ta,kip!ta
kip!,kip!
kismis,kismis
kit!s,kit!s
k!tsaatsay,k!tsaatsay
k!ucani,k!ucani
k!uk!ulti,k!uk!ulti
k!ult,k!ult
k!ultaaL,k!ultaaL
k!us,k!us
k!utsci,k!utsci
k!uuk!canii,k!uuk!canii
k!uuk!wtscii,k!uuk!wtscii
k!yuk,k!yuk
klahw,klahw
kL,kL
kliips,kliips
klkl,klkl
klklaahwii,klklaahwii
klklaahwi,klklaahwi
klklta,klklta
kltiiL,kltiiL
kLc,kLc
kmalayc,kmalayc
knic,knic
kntaw,kntaw
knum,knum
ksa,ksa
ksnmak,ksnmak
kstcutsm,kstcutsm
kstimtimut,kstimtimut
kstu,kstu
ksuuLm,ksuuLm
kt!li,kt!li
kukwpi,kukwpi
kuLaalxi,kuLaalxi
kuLalaaL,kuLalaaL
kuLals,kuLals
kuLank,kuLank
kuLik,kuLik
kuLnaK!tm,kuLnaK!tm
kuLtaakw,kuLtaakw
kuLtaala,kuLtaala
kuLtshwi,kuLtshwi
kuLuLik,kuLuLik
kuLulmc,kuLulmc
kuLuuts,kuLuuts
kuLya,kuLya
kuLaak,kuLaak
kuLaaxuts,kuLaaxuts
kuLpat!saLta,kuLpat!saLta
kumaluuL,kumaluuL
kupi,kupi
kup!m,kup!m
kusi,kusi
kusk!waLla,kusk!waLla
kustL,kustL
kustpuusps,kustpuusps
kusu,kusu
kusl,kusl
kut!suLkw,kut!suLkw
kuukwpi,kuukwpi
kuut,kuut
kwaasla,kwaasla
kwakwas,kwakwas
kwanat,kwanat
kwanatauLayc,kwanatauLayc
kwanatuLayc,kwanatuLayc
kwataasyani,kwataasyani
kwatasyan,kwatasyan
kwayx,kwayx
kwal,kwal
kwal,kwal
kwal,kwal
kwhw,kwhw
kwhwmtsut,kwhwmtsut
kwhwmtu,kwhwmtu
k!waLna,k!waLna
k!watsayaakm,k!watsayaakm
kwikwtik,kwikwtik
k!wla,k!wla
k!wL,k!wL
kwiLkwLa,kwiLkwLa
kwiLuL,kwiLuL
kwiL,kwiL
k!wna,k!wna
k!wputs,k!wputs
k!wpwaLt,k!wpwaLt
k!wKwla,k!wKwla
k!ws,k!ws
kwit!aaxlayc,kwit!aaxlayc
kwit!ulmc,kwit!ulmc
kwit!,kwit!
kwl,kwl
kwlaltwa,kwlaltwa
kwlamk,kwlamk
kwlc,kwlc
kwlctu,kwlctu
kwL,kwL
kwm,kwm
kwmL,kwmL
kwmuuts,kwmuuts
kwnaaxsta,kwnaaxsta
kws,kws
kwt!l,kwt!l
kwtmts,kwtmts
  kwtsus,kwtsus
kw'ni,kw'ni
kwhwm,kwhwm
k!walc,k!walc
k!waL,k!waL
k!wliwas,k!wliwas
kwnaaxutsayc,kwnaaxutsayc
laakts,laakts
laaktsi,laaktsi
lalaK!a,lalaK!a
lamatu,lamatu
lapayaak,lapayaak
lats,lats
law,law
layx,layx
lchl,lchl
liclic,liclic
licm,licm
lik!,lik!
lik!w,lik!w
lilwi,lilwi
lim,lim
lip!,lip!
lip!nalusta,lip!nalusta
lip!stsut,lip!stsut
lip!tsut,lip!tsut
lis,lis
lithwta,lithwta
litux,litux
lk!laati,lk!laati
lk!laatL,lk!laatL
lplii,lplii
Llaaxla,Llaaxla
LnLnusaaxuts,LnLnusaaxuts
LnusaaxaL,LnusaaxaL
LuLt!suuLm,LuLt!suuLm
mnstkuLa,mnstkuLa
mtaaxuts,mtaaxuts
muhwmukwaaxakta,muhwmukwaaxakta
nmnmk!,nmnmk!
nmnmaax,nmnmaax
nuhwpukhaaK,nuhwpukhaaK
nuwaycL,nuwaycL
nuwaysaax,nuwaysaax
nukawaaxta,nukawaaxta
nuk!apatlxs,nuk!apatlxs
nuk!lat,nuk!lat
nuk!s,nuk!s
nukit!s,nukit!s
nukLik,nukLik
nukLm,nukLm
nukLmaaxuts,nukLmaaxuts
nukmaykiixw,nukmaykiixw
nuksaaxaLm,nuksaaxaLm
nuksaaxutsm,nuksaaxutsm
nukum,nukum
nukupiita,nukupiita
nukusita,nukusita
nukusyals,nukusyals
nukwi,nukwi
nuk!wpt,nuk!wpt
nukwlkwli,nukwlkwli
nukwluts,nukwluts
nukwmkwmik,nukwmkwmik
nuk!wpstaaxla,nuk!wpstaaxla
nukwlcnulii,nukwlcnulii
nuLnuslt,nuLnuslt
nuLKutsaL,nuLKutsaL
nuLt!ihw,nuLt!ihw
nuLtnikta,nuLtnikta
nulik!uuL,nulik!uuL
nulmaax,nulmaax
nulxmtnm,nulxmtnm
nuLiLK,nuLiLK
numamis,numamis
numawaluuLi,numawaluuLi
numawaakmitsuti,numawaakmitsuti
numawta,numawta
numilik,numilik
numLak,numLak
numt!s,numt!s
numutsta,numutsta
numuts,numuts
numuukw,numuukw
numyaaxuts,numyaaxuts
nunk!ik,nunk!ik
nunuLuk!,nunuLuk!
nunuK!ways,nunuK!ways
nunuK!wnaK!ws,nunuK!wnaK!ws
nunusK!waaxuts,nunusK!waaxuts
nunusK!waaxuts,nunusK!waaxuts
nunul,nunul
nup,nup
nupaats,nupaats
nupaLtxwik,nupaLtxwik
nupapnt,nupapnt
nup!aats,nup!aats
nup!atsaax,nup!atsaax
nup!iixmaax,nup!iixmaax
nupit!s,nupit!s
nupit!stsut,nupit!stsut
nupK!t,nupK!t
nupusmutsta,nupusmutsta
nuKaaxmats,nuKaaxmats
nuKaaxp,nuKaaxp
nuKatK,nuKatK
nuK!ayaaxaL,nuK!ayaaxaL
nuK!ayaaxaL,nuK!ayaaxaL
nuK!iLaaxta,nuK!iLaaxta
nuK!plxs,nuK!plxs
nuKnk,nuKnk
nuKnklstank,nuKnklstank
nuK!waat,nuK!waat
nuK!walayk,nuK!walayk
nuKwiLtaaxw,nuKwiLtaaxw
nus,nus
nuscliktik,nuscliktik
nusclit!s,nusclit!s
nuscntsaax,nuscntsaax
nushwaax,nushwaax
nusilawat,nusilawat
nusk!lals,nusk!lals
nuskiitsta,nuskiitsta
nuskuum,nuskuum
nuskwanatmc,nuskwanatmc
nusk!wL,nusk!wL
nuslaxm,nuslaxm
nusmawaluLaak,nusmawaluLaak
nusmt!lmp,nusmt!lmp
nuspanyasta,nuspanyasta
nusp!aap!kayc,nusp!aap!kayc
nusp!uLanaLayc,nusp!uLanaLayc
nuspkwnuutsta,nuspkwnuutsta
nuspuLuuLikaL,nuspuLuuLikaL
nusK!amta,nusK!amta
nusK!lst,nusK!lst
nusK!upsta,nusK!upsta
nusK!wkis,nusK!wkis
nust!hwmaaKutsta,nust!hwmaaKutsta
nust!lhw,nust!lhw
nust!lhwi,nust!lhwi
nust!likw,nust!likw
nustK!,nustK!
nustKwaK!ws,nustKwaK!ws
nust!sKiiKaL,nust!sKiiKaL
nusuk!tsut,nusuk!tsut
nusuK!wptam,nusuK!wptam
nusxiK!,nusxiK!
nusxl,nusxl
nusxwataax,nusxwataax
nusxwaapsta,nusxwaapsta
nusl,nusl
nusl,nusl
nutakan,nutakan
nutalaata,nutalaata
nutayaaxm,nutayaaxm
nutayuLaKws!sayc,nutayuLaKws!sayc
nutayuLayc,nutayuLayc
nutciictskwani,nutciictskwani
nutcunikwik,nutcunikwik
nut!apalstuts,nut!apalstuts
nut!axwm,nut!axwm
nutictsnaL,nutictsnaL
nutictsnalsiixw,nutictsnalsiixw
nut!kwaax,nut!kwaax
nut!Kwalm,nut!Kwalm
nut!tsuLanaLm,nut!tsuLanaLm
nutk!am,nutk!am
nut!lik,nut!lik
nut!ll,nut!ll
nut!lL,nut!lL
nut!lKlayuL,nut!lKlayuL
nut!lKlayuLta,nut!lKlayuLta
nutm,nutm
nutplK!,nutplK!
nutputslxta,nutputslxta
nutsakwaax,nutsakwaax
nutsciictskwani,nutsciictskwani
nutshw,nutshw
nutshwani,nutshwani
nutskwlc,nutskwlc
nutsKa,nutsKa
nutsKaaK,nutsKaaK
nutuk!maaxapsm,nutuk!maaxapsm
nutsik!lam,nutsik!lam
nut!smlc,nut!smlc
nutsiK!waaK,nutsiK!waaK
nutsLaaxuLankaycts,nutsLaaxuLankaycts
nutsnm,nutsnm
nutspuLpLaK!wsm,nutspuLpLaK!wsm
nutsunuts,nutsunuts
nuut!lLi,nuut!lLi
nux,nux
nuxwlst,nuxwlst
nuxwski,nuxwski
nuxwtnusta,nuxwtnusta
nuxwanitsut,nuxwanitsut
nuxwnuxwskiLp,nuxwnuxwskiLp
nuxwnuxwskyaak,nuxwnuxwskyaak
nuxwskyuL,nuxwskyuL
nuyamL,nuyamL
nuyants,nuyants
nuyayanL,nuyayanL
nuyulaax,nuyulaax
nul,nul
nul,nul
nul,nul
nul,nul
nul,nul
nul,nul
nul,nul
nul,nul
nul,nul
nul,nul
nxt,nxt
paaxL,paaxL
paaxu,paaxu
pahwiks,pahwiks
paktuLk,paktuLk
pakwani,pakwani
pakw,pakw
pananas,pananas
panya,panya
papiisi,papiisi
papink,papink
papinki,papinki
papnL,papnL
paKiaala,paKiaala
patsaL,patsaL
pat!s,pat!s
pay,pay
pays,pays
paaLats,paaLats
paapKa,paapKa
paaKil,paaKil
paax,paax
paaxLaax,paaxLaax
pc,pc
pcaK!ws,pcaK!ws
p!alc,p!alc
p!alcalus,p!alcalus
p!alcxit,p!alcxit
p!c,p!c
picpaaxu,picpaaxu
p!iixla,p!iixla
piisla,piisla
p!iix,p!iix
pik!,pik!
pik!n,pik!n
pik!uuL,pik!uuL
p!LaLa,p!LaLa
pilik!t,pilik!t
p!Lt,p!Lt
pipK!aak,pipK!aak
pipK!uuL,pipK!uuL
pisman,pisman
pispis,pispis
pit!l,pit!l
pit!s,pit!s
p!uLkwm,p!uLkwm
p!uLm,p!uLm
p!uuyaax,p!uuyaax
p!uyaax,p!uyaax
p!wi,p!wi
p!xwLt,p!xwLt
pk!m,pk!m
pk!mk!mi,pk!mk!mi
plcalaaxt,plcalaaxt
pLt,pLt
plik,plik
plst,plst
plxani,plxani
pLtkn,pLtkn
pnaaxta,pnaaxta
pnaaxta,pnaaxta
psayct,psayct
pus,pus
put!l,put!l
put!stn,put!stn
putsla,putsla
putsut,putsut
puuti,puuti
puuxin,puuxin
puul,puul
puxalus,puxalus
puux,puux
KaaKxi,KaaKxi
Kaax,Kaax
Kaaxatscili,Kaaxatscili
Kaaxla,Kaaxla
KaLKa,KaLKa
Kamats,Kamats
Kanxt!u,Kanxt!u
Kap!uuLtxw,Kap!uuLtxw
KapsmuuLm,KapsmuuLm
KaKtaLp,KaKtaLp
Kat!,Kat!
KatsKiL,KatsKiL
Katsx,Katsx
Kax,Kax
KaxaanL,KaxaanL
Kay,Kay
Kayt,Kayt
Kaaxapwala,Kaaxapwala
Kaaxt,Kaaxt
K!aat,K!aat
K!akwts,K!akwts
K!al,K!al
K!amiix,K!amiix
K!anas,K!anas
K!anuukw,K!anuukw
K!aK!atsuuL,K!aK!atsuuL
K!aticts,K!aticts
K!atm,K!atm
K!aw,K!aw
K!awL,K!awL
K!ay,K!ay
K!iL,K!iL
K!iLtsut,K!iLtsut
K!im,K!im
K!inakwliL,K!inakwliL
KiiKpii,KiiKpii
K!is,K!is
Kiku,Kiku
K!lax,K!lax
K!Lkwta,K!Lkwta
Kilic,Kilic
K!lK!lshwi,K!lK!lshwi
K!lshw,K!lshw
K!luk,K!luk
K!Lkw,K!Lkw
Kinx,Kinx
K!pst,K!pst
K!puts,K!puts
KiKtii,KiKtii
Kism,Kism
Kit!s,Kit!s
K!umk!ut!s,K!umk!ut!s
K!umniK!w,K!umniK!w
K!umsciwaaL,K!umsciwaaL
K!uKwayaytxw,K!uKwayaytxw
K!usalK,K!usalK
K!ux,K!ux
K!uxlc,K!uxlc
K!uxlcliwats,K!uxlcliwats
Kiixa,Kiixa
Kla,Kla
Klam,Klam
Klhwila,Klhwila
KLm,KLm
KLmLmi,KLmLmi
Klum,Klum
KluK!s,KluK!s
KL,KL
KmKmi,KmKmi
Knk,Knk
Knklst,Knklst
KpapluuLi,KpapluuLi
KpaapKikti,KpaapKikti
Kpi,Kpi
Kp!a,Kp!a
Kt!l,Kt!l
Ktsamkayc,Ktsamkayc
Kts,Kts
Kt!sus,Kt!sus
KuL,KuL
Kululuuxu,Kululuuxu
Kulun,Kulun
Kuna,Kuna
Kup!,Kup!
Kup!ta,Kup!ta
KuKuulikn,KuKuulikn
KuKwt!siiki,KuKwt!siiki
Kut!s,Kut!s
Kut!sik,Kut!sik
KuuLalus,KuuLalus
Kuuluun,Kuuluun
Kuuluuni,Kuuluuni
Kuuxuux,Kuuxuux
Kuuxwa,Kuuxwa
Kux,Kux
Kwaatimut,Kwaatimut
Kwaaxwn,Kwaaxwn
Kwalas,Kwalas
Kwals,Kwals
KwaniL,KwaniL
KwaKwaKws,KwaKwaKws
KwaKwawsi,KwaKwawsi
KwaKwlaasi,KwaKwlaasi
Kwaxw,Kwaxw
KwaxwKwaxwlit,KwaxwKwaxwlit
K!waaKwinayi,K!waaKwinayi
K!walm,K!walm
K!walxs,K!walxs
K!wan,K!wan
K!wapx,K!wapx
K!waKwina,K!waKwina
K!wasta,K!wasta
K!waykila,K!waykila
K!wlas,K!wlas
Kwilats,Kwilats
K!wlaxw,K!wlaxw
K!wL,K!wL
K!wlitK,K!wlitK
K!wlsi,K!wlsi
K!wsm,K!wsm
Kwit,Kwit
K!wxwmtimut,K!wxwmtimut
K!wxwmuLi,K!wxwmuLi
Kwli,Kwli
Kwli,Kwli
Kwsm,Kwsm
Kwsmalakt,Kwsmalakt
Kwt,Kwt
KwtuL,KwtuL
Kxyu,Kxyu
KwaxuL,KwaxuL
KwaaxKwikLp,KwaaxKwikLp
K!wala,K!wala
K!walmuuL,K!walmuuL
K!way,K!way
K!wi,K!wi
K!wna,K!wna
K!wp,K!wp
K!wpm,K!wpm
Kwlxw,Kwlxw
saaxKaL,saaxKaL
saaxwan,saaxwan
sahwa,sahwa
saLya,saLya
salmt,salmt
sasa,sasa
sat!laLp,sat!laLp
sat!la,sat!la
sat!lsuuts,sat!lsuuts
sat!salan,sat!salan
satskw,satskw
satsKwla,satsKwla
sc,sc
scal,scal
sclikt,sclikt
scnulits,scnulits
scuLixwalst,scuLixwalst
shwahwilk,shwahwilk
shwm,shwm
shwmxwm,shwmxwm
shwpaniL,shwpaniL
shwputs,shwputs
s!ayk!s,s!ayk!s
s!aym,s!aym
s!ayt,s!ayt
sic,sic
s!iipnaluusi,s!iipnaluusi
siLt!mtimut,siLt!mtimut
silin,silin
sim,sim
sinaaxwmixw,sinaaxwmixw
sinaL,sinaL
sinukLm,sinukLm
sisikyumaaxalits,sisikyumaaxalits
sisksuum,sisksuum
sisi,sisi
sit!xt,sit!xt
sit!smaaL,sit!smaaL
s!unkwtsta,s!unkwtsta
siwalusim,siwalusim
smsmiiksi,smsmiiksi
smsmLki,smsmLki
skalkw,skalkw
sk!c,sk!c
sk!iixwm,sk!iixwm
sk!inwas,sk!inwas
sk!l,sk!l
sk!laaxutsm,sk!laaxutsm
sk!ma,sk!ma
skip!,skip!
skis,skis
sk!st,sk!st
sk!stlit!s,sk!stlit!s
sk!yaax,sk!yaax
sktsuLk,sktsuLk
skukwpikLp,skukwpikLp
skuLaaxak,skuLaaxak
skuLaaxams,skuLaaxams
skuLalakt,skuLalakt
skuLank,skuLank
skuLankus,skuLankus
skuLankutsaL,skuLankutsaL
skuLapsm,skuLapsm
skuLikak,skuLikak
skuLikaL,skuLikaL
skuLikus,skuLikus
skuLlxsak,skuLlxsak
skuLnalus,skuLnalus
skuLnalusaK!ws,skuLnalusaK!ws
skuLnaluslxsak,skuLnaluslxsak
skuLutsak,skuLutsak
skuLuuLan,skuLuuLan
skuLuutslayc,skuLuutslayc
skulukt,skulukt
skuLuuLan,skuLuuLan
skupik,skupik
skwanat,skwanat
skwatsta,skwatsta
sk!wyan,sk!wyan
skwtsals,skwtsals
sk!wpaaksL,sk!wpaaksL
skwl,skwl
slaK!k,slaK!k
slaws,slaws
sLip!nakt,sLip!nakt
sliixwuL,sliixwuL
slk!laaxt,slk!laaxt
slucta,slucta
sll,sll
sLxaakLts,sLxaakLts
smatmc,smatmc
smaw,smaw
smawaaKalits,smawaaKalits
smawaaxaL,smawaaxaL
smawaaxuts,smawaaxuts
smiks,smiks
smkmayi,smkmayi
smLk!,smLk!
smKla,smKla
smsma,smsma
smt,smt
smt!smaasi,smt!smaasi
snaax,snaax
snanik,snanik
sninya,sninya
snknic,snknic
snm,snm
snK!ws,snK!ws
snuwat!s,snuwat!s
snuwat!sams,snuwat!sams
snuKaax,snuKaax
snuKaKaytiKw,snuKaKaytiKw
snuKlxlayk,snuKlxlayk
snuKplplxs,snuKplplxs
snuK!wlitK,snuK!wlitK
snutatiiKw,snutatiiKw
snut!li,snut!li
snut!simnaax,snut!simnaax
snuyantsaK!ws,snuyantsaK!ws
snx,snx
snxaaL,snxaaL
snxana,snxana
snxt,snxt
spakwank,spakwank
sp!,sp!
sp!aaxakayc,sp!aaxakayc
sp!aaxapsmayc,sp!aaxapsmayc
spiipk!wi,spiipk!wi
spik!,spik!
spik!w,spik!w
spik!wanL,spik!wanL
sp!uLiixwta,sp!uLiixwta
sp!uLalsayc,sp!uLalsayc
sp!uLankayc,sp!uLankayc
sps,sps
spuLals,spuLals
spus,spus
sputc,sputc
sputctam,sputctam
spuuptci,spuuptci
spuuxaltswa,spuuxaltswa
spux,spux
sKaL,sKaL
sKaluts,sKaluts
sKanKptsL,sKanKptsL
sKapts,sKapts
sK!,sK!
sK!atciixwak,sK!atciixwak
sK!atciixwaL,sK!atciixwaL
sK!Lkw,sK!Lkw
sK!sk,sK!sk
sK!taLp,sK!taLp
sKitiLp,sKitiLp
sK!up,sK!up
sKma,sKma
sKt!s,sKt!s
sKuL,sKuL
sKuLaaxaL,sKuLaaxaL
sKumaL,sKumaL
sKupaK!ws,sKupaK!ws
sKupL,sKupL
sKupLalakt,sKupLalakt
sKupLan,sKupLan
sKupLank,sKupLank
sKupLikaL,sKupLikaL
sKupLikaluus,sKupLikaluus
sKupLlit!sak,sKupLlit!sak
sKupLuLiik,sKupLuLiik
sKupLutsak,sKupLutsak
sKupust!ikaaxuts,sKupust!ikaaxuts
sKuputs,sKuputs
sKut!s,sKut!s
sKuuL,sKuuL
sKuuLKwLi,sKuuLKwLi
sKwaaxwKwa,sKwaaxwKwa
sK!w,sK!w
sK!waLkw,sK!waLkw
sK!walm,sK!walm
sK!wiixwta,sK!wiixwta
sK!wpm,sK!wpm
sKwL,sKwL
sKwLan,sKwLan
sKwsn,sKwsn
snxaaL,snxaaL
staltmc,staltmc
stamks,stamks
stan,stan
stantapiLam,stantapiLam
stantimut,stantimut
stcusiL,stcusiL
st!ala,st!ala
st!awLt,st!awLt
st!axw,st!axw
st!al,st!al
st!inayaL,st!inayaL
stikt!laat!lKi,stikt!laat!lKi
stilwa,stilwa
st!n,st!n
st!s,st!s
st!uhwsi,st!uhwsi
st!umt!ss,st!umt!ss
st!win,st!win
st!lact!laaxti,st!lact!laaxti
st!lanuL,st!lanuL
st!laKwtlit!s,st!laKwtlit!s
st!laxt,st!laxt
st!limnalaaxaLt,st!limnalaaxaLt
st!lmstayt!s,st!lmstayt!s
st!lxalxlxsm,st!lxalxlxsm
st!lxusmaL,st!lxusmaL
stlk!wa,stlk!wa
stn,stn
stnaaL,stnaaL
stnaax,stnaax
stpuuLals,stpuuLals
stsaL,stsaL
stsicalt,stsicalt
st!six,st!six
st!sixak!ws,st!sixak!ws
st!sixuts,st!sixuts
st!skiiL,st!skiiL
st!smas,st!smas
st!smlc,st!smlc
st!spiiL,st!spiiL
st!sKaaxKa,st!sKaaxKa
st!suuxin,st!suuxin
st!sx,st!sx
stsK,stsK
stsKiklxs,stsKiklxs
stsucm,stsucm
stulkw,stulkw
stup,stup
stupL,stupL
stuK!,stuK!
stuK!aK!ws,stuK!aK!ws
stutulkwi,stutulkwi
stuu,stuu
stwic,stwic
stwin,stwin
sucya,sucya
suk!ta,suk!ta
suk!tnuL,suk!tnuL
sukwa,sukwa
suk!wlt,suk!wlt
suk!wptus,suk!wptus
suk!wptuusi,suk!wptuusi
suL,suL
sulut,sulut
sum,sum
sumxuL,sumxuL
sunp!uuLnm,sunp!uuLnm
sunK!uts,sunK!uts
sunsupt,sunsupt
supt,supt
supusLp,supusLp
suK!uuxin,suK!uuxin
susKwii,susKwii
susuunhwt,susuunhwt
sutk,sutk
sut!smus,sut!smus
sut!swakt,sut!swakt
suunhw,suunhw
suunK!uts,suunK!uts
suuxi,suuxi
swak!c,swak!c
swlwlaax,swlwlaax
sx,sx
sxakm,sxakm
sxalaktm,sxalaktm
sxalc,sxalc
sxaaxiLm,sxaaxiLm
sxaaxutsm,sxaaxutsm
sxhwmtnmak,sxhwmtnmak
sxim,sxim
sximnk!,sximnk!
sximuts,sximuts
sxitsta,sxitsta
sxiximuuts,sxiximuuts
sxp,sxp
sxp!ipk,sxp!ipk
sxs,sxs
sxt!lik,sxt!lik
sxulmcta,sxulmcta
sxumaK!ws,sxumaK!ws
sxwatiL,sxwatiL
sxwatmlxs,sxwatmlxs
sxwaxwa,sxwaxwa
sxwayxwm,sxwayxwm
sxwlxwli,sxwlxwli
sxwnata,sxwnata
syup!alhw,syup!alhw
syut,syut
sl,sl
sl,sl
sl,sl
sl,sl
sl,sl
sl,sl
sl,sl
taala,taala
taatkwsi,taatkwsi
takan,takan
takws,takws
takwta,takwta
talaws,talaws
talyuu,talyuu
tam,tam
tamLp!uuL,tamLp!uuL
tamsaplin,tamsaplin
tamt!sla,tamt!sla
tanaps,tanaps
tanksta,tanksta
tapus,tapus
taK!aax,taK!aax
tas,tas
tasayc,tasayc
taya,taya
tayaaKalitsayc,tayaaKalitsayc
tayuLiixwayc,tayuLiixwayc
tc,tc
tcalsKaL,tcalsKaL
tcalus,tcalus
tcat!lsaax,tcat!lsaax
tcat!lsikus,tcat!lsikus
tcat!saaxL,tcat!saaxL
tcitskwaaxuts,tcitskwaaxuts
tcta,tcta
tcuhwnikwL,tcuhwnikwL
tcukawk,tcukawk
tculat!lsuuts,tculat!lsuuts
t!aaxwm,t!aaxwm
t!akw,t!akw
t!amas,t!amas
t!apalst,t!apalst
t!at!kanaLp,t!at!kanaLp
t!at!maasi,t!at!maasi
tictsa,tictsa
t!culmcm,t!culmcm
t!culmcta,t!culmcta
tii,tii
t!icLala,t!icLala
t!ict!icLalayi,t!ict!icLalayi
tiiL,tiiL
tiiLta,tiiLta
tiixwakK!ws,tiixwakK!ws
tiixwalaaxtn,tiixwalaaxtn
tiixwta,tiixwta
t!ksnimta,t!ksnimta
t!kw,t!kw
tilcalaaxt,tilcalaaxt
tiL,tiL
t!li,t!li
t!lianm,t!lianm
t!miixw,t!miixw
t!niixuL,t!niixuL
t!nxw,t!nxw
tipl,tipl
tipyaaK,tipyaaK
tiK!a,tiK!a
t!suL,t!suL
t!uka,t!uka
t!umnaL,t!umnaL
t!uupiwas,t!uupiwas
t!uut!kwni,t!uut!kwni
t!xt,t!xt
t!xuLuL,t!xuLuL
t!xwsus,t!xwsus
tcncni,tcncni
tkaya,tkaya
tkw,tkw
tL,tL
tLuL,tLuL
t!la,t!la
t!laaKwitkw,t!laaKwitkw
t!laat!layi,t!laat!layi
t!laat!lK!ani,t!laat!lK!ani
t!lact!laK!wLp,t!lact!laK!wLp
t!lakwani,t!lakwani
t!laLma,t!laLma
t!lap,t!lap
t!lapaL,t!lapaL
t!laK!an,t!laK!an
t!lawK!w,t!lawK!w
t!laxw,t!laxw
t!liit!lxini,t!liit!lxini
t!likm,t!likm
t!lima,t!lima
t!lixin,t!lixin
t!lknii,t!lknii
t!lL,t!lL
t!llusta,t!llusta
t!lmsta,t!lmsta
t!lmstaliwa,t!lmstaliwa
t!lp,t!lp
t!lpa,t!lpa
t!lpaapay,t!lpaapay
t!lpipkaL,t!lpipkaL
t!ltuu,t!ltuu
t!luk!,t!luk!
t!luk!,t!luk!
t!lupana,t!lupana
t!lupanii,t!lupanii
t!lxus,t!lxus
t!lxwtsaytxw,t!lxwtsaytxw
t!lxwtsn,t!lxwtsn
t!lyaL,t!lyaL
tlK!w,tlK!w
tmhw,tmhw
tmsc,tmsc
tmscalaaxtlayc,tmscalaaxtlayc
tmscuL,tmscuL
tmscuL,tmscuL
tmwaLits,tmwaLits
tmx,tmx
tp,tp
tpiixw,tpiixw
tpiksta,tpiksta
tpyaaxuts,tpyaaxuts
tKan,tKan
tK!,tK!
tK!La,tK!La
tKnkams,tKnkams
tKnkanLaaxuts,tKnkanLaaxuts
tKnkusaL,tKnkusaL
tKnkusam,tKnkusam
tKnKnk,tKnKnk
tK!w,tK!w
tsaakw,tsaakw
tsaakwliwa,tsaakwliwa
tsaatsaws,tsaatsaws
tsaatsii,tsaatsii
tsaatstii,tsaatstii
tsaaxa,tsaaxa
tsactsakwaL,tsactsakwaL
tsak!w,tsak!w
tsaL,tsaL
tsalthw,tsalthw
tsan,tsan
tsap,tsap
tsaKwaaL,tsaKwaaL
tsatstawLp,tsatstawLp
tsawat,tsawat
tsayak,tsayak
tsayuts,tsayuts
tscm,tscm
tshwi,tshwi
t!saamas,t!saamas
t!saaKaluusL,t!saaKaluusL
t!saL,t!saL
t!sawikaL,t!sawikaL
t!sawLmim,t!sawLmim
tsictsik,tsictsik
t!shwmhwm,t!shwmhwm
t!sihw,t!sihw
t!siit!skwni,t!siit!skwni
t!sikm,t!sikm
t!sikwa,t!sikwa
t!sik!wit!s,t!sik!wit!s
t!sima,t!sima
t!siKwi,t!siKwi
tsiitspsci,tsiitspsci
tsiixa,tsiixa
tsiixwt,tsiixwt
tsik!,tsik!
tsik!alus,tsik!alus
tsik!alusta,tsik!alusta
tsik!utsta,tsik!utsta
t!sklakt,t!sklakt
t!skt,t!skt
t!sla,t!sla
t!slkt,t!slkt
t!sm,t!sm
tsimani,tsimani
tsimilt,tsimilt
tsipsc,tsipsc
tsiK!w,tsiK!w
t!ss,t!ss
tsitstsiipi,tsitstsiipi
tsitstsip,tsitstsip
tsitstsipi,tsitstsipi
tsitstumnalsL,tsitstumnalsL
tsituma,tsituma
t!su,t!su
t!sulapla,t!sulapla
t!sumuus,t!sumuus
t!susm,t!susm
t!swankus,t!swankus
tsix,tsix
tsixak,tsixak
t!sxanic,t!sxanic
t!sxL,t!sxL
t!sxLm,t!sxLm
t!sxLn,t!sxLn
t!sxw,t!sxw
t!syaaxw,t!syaaxw
tsk!aLkw,tsk!aLkw
tsk!Lp,tsk!Lp
tskutsta,tskutsta
tskw,tskw
tsk!wm,tsk!wm
tsLaLlaaL,tsLaLlaaL
tsLayc,tsLayc
tsLit!sa,tsLit!sa
tsLm,tsLm
tsna,tsna
tsnkw,tsnkw
tsplitsm,tsplitsm
tsK!,tsK!
tststawLp,tststawLp
tsumuuL,tsumuuL
tsupa,tsupa
tsut,tsut
tsutsa,tsutsa
tsutstawLpak,tsutstawLpak
tsuutsila,tsuutsila
tsxusmtmahw,tsxusmtmahw
tucuuL,tucuuL
tuk!,tuk!
tuk!maaxak,tuk!maaxak
tultaya,tultaya
tutup,tutup
tutustiK!,tutustiK!
tuums,tuums
tuupa,tuupa
txaaxL,txaaxL
txaK!wL,txaK!wL
txits,txits
txta,txta
txt!luk!ams,txt!luk!ams
txuK!,txuK!
txuulxL,txuulxL
tyaaxam,tyaaxam
tyaaxik,tyaaxik
tsatskwaaxiL,tsatskwaaxiL
tsik!aaxalitsm,tsik!aaxalitsm
tsipyuLaaKws,tsipyuLaaKws
tsitumlcak,tsitumlcak
tsitumlcus,tsitumlcus
tsitsk!uLank,tsitsk!uLank
t!swaaxuts,t!swaaxuts
tsk!wmaaKalits,tsk!wmaaKalits
tspakm,tspakm
tsyaaxm,tsyaaxm
uk!uk,uk!uk
uk!uk!nk,uk!uk!nk
uk!uuni,uk!uuni
uk!wk!umaax,uk!wk!umaax
uk!wp,uk!wp
ula,ula
ulamktx,ulamktx
ulat!ls,ulat!ls
uLKn,uLKn
ulic,ulic
ul,ul
ulx,ulx
uL,uL
um,um
umatalaaL,umatalaaL
umt!lum,umt!lum
up!wii,up!wii
uK!uuni,uK!uuni
uK!wayuLank,uK!wayuLank
usnaaxwL,usnaaxwL
usp!us,usp!us
usKa,usKa
usK!imtnm,usK!imtnm
usKlayayc,usKlayayc
usthw,usthw
ust!ikaaxuts,ust!ikaaxuts
ustKnkaaK,ustKnkaaK
ustsipaaKta,ustsipaaKta
usyayayk,usyayayk
ut!ak,ut!ak
ut!pi,ut!pi
ut!luk!,ut!luk!
ut!saax,ut!saax
ut!sikaL,ut!sikaL
ut!sikus,ut!sikus
uulxliwa,uulxliwa
uut!pii,uut!pii
uuxnk,uuxnk
waats,waats
waatsaaKakta,waatsaaKakta
wahwas,wahwas
wakayak,wakayak
waks,waks
wal,wal
walasya,walasya
wanmc,wanmc
wanukw,wanukw
wapat,wapat
wapataaxta,wapataaxta
wat!s,wat!s
wawat!sii,wawat!sii
wawiisi,wawiisi
waxtsya,waxtsya
waxwaxtsya,waxwaxtsya
way,way
wayc,wayc
waycL,waycL
waystam,waystam
wiiK,wiiK
wik!inxw,wik!inxw
wilc,wilc
wiLwiL,wiLwiL
winwint!s,winwint!s
wit!lax,wit!lax
wlaL,wlaL
wlaa,wlaa
wlaax,wlaax
wlaaxuts,wlaaxuts
wlwlaaLi,wlwlaaLi
wlwlkatsut,wlwlkatsut
wlxLa,wlxLa
xaatcsya,xaatcsya
xaaxlay,xaaxlay
xala,xala
xam,xam
xamlayc,xamlayc
xamlcaK!ws,xamlcaK!ws
xamnimut,xamnimut
xamu,xamu
xapa,xapa
xapayaLta,xapayaLta
xapnamktsut,xapnamktsut
xaK!ants,xaK!ants
xawis,xawis
xawisaaL,xawisaaL
xawisaltwa,xawisaltwa
xawxawaalis,xawxawaalis
xaxaaK!i,xaxaaK!i
xaxaK!,xaxaK!
xayaK!a,xayaK!a
xayuL,xayuL
xiixii,xiixii
xiku,xiku
xim,xim
ximuts,ximuts
xit!l,xit!l
xit!sL,xit!sL
xitsta,xitsta
xixi,xixi
xixt!suuL,xixt!suuL
xLaL,xLaL
xlxl,xlxl
xmlc,xmlc
xmxmaatsL,xmxmaatsL
xs,xs
xsaasay,xsaasay
xsasa,xsasa
xsaax,xsaax
xsaaxutsm,xsaaxutsm
xt!sa,xt!sa
xt!sat!say,xt!sat!say
xt!susm,xt!susm
xul,xul
xup,xup
xuK!ta,xuK!ta
xuta,xuta
xuts,xuts
xutsaLm,xutsaLm
xuuxluuLi,xuuxluuLi
xuxutsi,xuxutsi
xwalt,xwalt
xwaxwi,xwaxwi
xway,xway
xwiixn,xwiixn
xwiK!m,xwiK!m
xwism,xwism
xwnxwnm,xwnxwnm
xwnxwnmuL,xwnxwnmuL
xwsanim,xwsanim
xwtn,xwtn
xwtnutsta,xwtnutsta
xwxwnxwnmii,xwxwnxwnmii
xwLis,xwLis
anukit!sm,anukit!sm
ya,ya
yahw,yahw
yacyaaki,yacyaaki
yaki,yaki
yakiiixw,yakiiixw
yakyaaL,yakyaaL
yakyanL,yakyanL
yalacLay,yalacLay
yalc,yalc
yaLkayc,yaLkayc
yaLk,yaLk
yalak,yalak
yalK,yalK
yalKiiLm,yalKiiLm
yalKuuL,yalKuuL
yalxaLm,yalxaLm
yalxus,yalxus
yalxutsayc,yalxutsayc
yamL,yamL
yanahuu,yanahuu
yanic,yanic
yanihwi,yanihwi
yank,yank
yants,yants
yanyanklaycm,yanyanklaycm
yaKasiiL,yaKasiiL
yatn,yatn
yaxat,yaxat
yaxw,yaxw
yayaasii,yayaasii
yayaatwamktsuti,yayaatwamktsuti
yayaatwii,yayaatwii
yayaK!ws,yayaK!ws
yayax,yayax
yayaxi,yayaxi
yayaxm,yayaxm
yayal,yayal
yayaxuts,yayaxuts
yayntsi,yayntsi
yayuuts,yayuuts
yulmta,yulmta
yulyulmL,yulyulmL
yum,yum
yumalhw,yumalhw
yumalhwLp,yumalhwLp
yup,yup
yup!alhw,yup!alhw
yutlc,yutlc
yuyuhw,yuyuhw
yuyupaaxani,yuyupaaxani
kaL,kaL
kaL,kaL
kaLmaaxts,kaLmaaxts
kaLnmnmk!,kaLnmnmk!
kaLKax,kaLKax
kaLst!hwmta,kaLst!hwmta
kanani,kanani
lahal,lahal
lalam,lalam
lalaK!a,lalaK!a
slt!liisL,slt!liisL
snut!xtiitk,snut!xtiitk
t!uma,t!uma
tsutsa,tsutsa
tsxm,tsxm
