ཧ་ཅང་བཟང་།,ha txaq zaq
དཔེ་ཡག་པོ།,pE yag po
ཝ་ཡེ།,wa yE
བཀྲ་ཤིས་བདེ་ལེགས།,ta xi CE lEk
བཞུགས་ཨ།,jug aa
t,མ་བྱེད།,ma djE
ཧ་ཅང་ལེགས།,ha  txaq lEk
ངོ་མཚར་ཆེ།,qo tshar txE
ཡིད་ཆེས་དཀའ།,yi txhE kah
ཚང་མ།,tshaq ma
ཡོངས་རྫོགས།,yoq dzog
རེ་རེ།,rE rE
ཁ་ཤས།,kha jE
མང་པོ།,maq po
མང་པོ།,maq po
མང་ཆེས།,maq txhE
ཉུང་ཤས།,nyuq xE
ཉུང་མཐའ།,nyuq ca
ཆེ་ཤོས།,txhE xoe
མཐའ་མར།,ca maR
ཡང་ཡང་།,yaq yaq
མགྱོགས་པོ།,gyog po
གཅིག་བྱས་ན།,txig djE na
ནུས་ཅན་གྱིས།,nu txEn gyI
ཕལ་ཆེར།,phal tsER
ཕལ་ཆེར།,phal tsER
དང་།,Caq
ཡང་ན།,yaq na
གལ་སྲིད།,gal sI
ནང་ལ།,naq la
གྱི། ཀྱི། གི ཡི། འི།,gyi
ལ།,la
མཉམ་དུ།,nyam Cu
ཆེད་དུ།,txhE Cu
མ་རེད།,ma rE
ཡིན་ན་ཡང་།,yin na yaq
འོན་ཀྱང་།,hhon kyaq
རྟག་པར།,Tag paR
འདི། དེ།,Ci
དེ།,CE
འདི།,Ci
འདི་ཚོ།,Ci tsho
དེ་ཚོ།,CE tsho
སུ།,su
ག་རེ།,ga rE
ག་དུས།,ga Cu
ག་བ་ལ།,ga wa la
ག་རེ་བྱས་ནས།,ga rE djE nE
གང་འདྲ།,gaq da
ང་།,qa
ཁྱོད།,khoe
ང་ལ།,qa la
ཁོ་ཚོ།,Kho tsho
ཁོ་ཚོ་ལ།,kho tsho la
ཁོ་ལ།,kho la
མོ་ལ།,mo la
ཁོ།,kho
མོ།,mo
ང་ཚོ།,qa tsho
ང་ཚོ་ལ།,qa tsho la
དང་པོ།,Caq po
གཉིས་པ།,nyI pa
གསུམ་པ།,sum pa
བཞི་པ།,ji pa
ལྔ་པ།,qa pa
དྲུག་པ།,dug pa
བདུན་པ།,Cun pa
བརྒྱད་པ།,gyE pa
དགུ་པ།,gu pa
བཅུ་པ།,txu pa
བརྒྱ།,gya
སྟོང་།,Toq
ས་ཡ།,sa ya
ཁྲག་ཁྲིག་ཆེན་པོ།,Thag Thig txhEn po
རྟག་པ།,Tag pa
ཚད་ཡོད་ཅན།,tshe yo txen
ཐོད་ལ།,coe la
འོག་ལ།,hhog la
གཡོན།,yoen
གཡས།,ye
རྩེ།,tsE
གཤམ།,xam
ལ།,la
སྐབས།,kab
དེའི་སྐབས།,Cei kab
ཐོག།,cog
སྒང་ལ།,gaq la
འོག་ལ།,hhog la
སྔོན་ལ།,qon la
རྗེས་ལ།,djE la
དཀྱིལ་ལ།,kyi la
ནང་ལ།,naq la
ཕྱི་ལ།,txhi la
ཉེ་འཁོར་དུ།,nyE khoR Cu
རྙིང་པ།,nyiq pa
གསར་པ།,saR pa
མདུན་ལ།,Cun la
གཅིག་པུ།,txig pu
མཉམ་དུ།,nyam Cu
རྒྱབ་ལ།,gyab la
front of,མདུན་དུ།,Cun Cu
རྩུབ་པོ།,tshub po
འཇམ་པོ།,djam po
རྣོ་བོ།,No po
གླེན་པ།,lEn pa
སྲབ་པོ།,srab po
མཐུག་པོ།,cug po
བསིལ་པོ།,sil po
དྲོ་པོ།,do po
ཐོབ་རུང་བ།,cob ruq wa
ཐོབ་མི་རུང་བ།,cob mi ruq wa
འབྲིང་འབྲིང་།,diq diq
འགྱངས་སར།,gyaq saR
ཐག་རིང་པོ།,cag riq po
ཐག་ཉེ་པོ།,cag nyE po
དཔེ།,pE
རྒྱབ་ཕྱོགས་སུ།,gyab txhog su
མདུན་ཕྱོགས་སུ།,Cun txhog su
ཆེན་པོ།,txhEn po
ཆུང་ཆུང་།,txhuq txhuq
ལྗིད་པོ།,dji po
ཡང་པོ།,yaq po
སྒོར་སྒོར།,goR goR
ཁ་ཐུག།,kha cug
གུག་གུག།,gug gug
སོག་ལེའི་དབྱིབས།,sog lEi yib
ཡར་ཐོན་ཅན།,yaR con txen
ཕལ་ཆེར།,phal txhER
ལས་སླ་པོ།,le la po
རྙོག་འཛིངས་ཅན།,nyog dziq txen
ཁག་པོ།,khag po
ལས་སླ་པོ།,le la po
མགྱོགས་པོ།,gyog po
དལ་པོ།,Cal po
སྤྱིར་བཏང།,txiR Taq
དམིགས་བསལ།,mig sal
འོད་ལྷམ་ལྷམ།,hhoe lham lham
རབ་རིབ་ཅན།,rab rib txen
ཐུབ་པ།,cub pa
ངེས་ཅན།,qE txen
གཙང་མ།,tsaq ma
རྫོར་པོ།,dzoRpo
ཡག་པོ།,yag po
སྡུག་ཅག,Cug txag
ལེགས་པོ།,lEg po
སྡུག་ཅག,Cug txag
ངེས་གཏན།,qE Ten
མི་མཐུན་པ།,mi cun pa
སྤྱང་པོ།,txaq po
བླུན་པོ།,lun po
བློ་ལྡན།,lo Cen
སེམས་ཚོར་སྐྱེནཔོ།,sEm tshoR kyEn po
བློ་ལ་འཐད་པོ།,lo la cE po
སྤྲོ་སེམས་འཁོལ་བ།,to sEm khol wa
འགོ་ཉེན་ཅན།,go nyEn txen
དམིགས་བསལ།,mig sal
གསར་གཏོད་ཀྱི།,saR Toe kyi
བློ་ལ་བབ་པོ།,lo la bab po
རྫིག་པོ།,dzig po
ནག་ཁུང་།,nag khuq
གཏིང་ཟབ་པོ།,Tiq zab po
གཏིང་ཐུང་ངུ་།,Tiq cuq qu
གཞན་པ།,jen pa
འདྲ་པོ།,da po
གྲམ་པ།,dam pa
ཐེ་ཚོམ་ཅན།,cE tshom txen
ངེས་ཅན།,qE txen
སྐམ་པོ།,kam po
རློན་པ།,lon pa
ཕྲ་མོ།,Tha mo
མངོན་གསལ་ཅན།,qon sal txen
ལེབ་མོ།,lEb mo
སྟོང་པ།,Toq pa
ཆ་ཚང་གང་བ།,txha tshaq gaq wa
འགྲིག་པ།,dig pa
ནོར་བ།,noR wa
གྱོང་པོ།,gyoq po
མཉེན་པོ།,nyen po
མཛེས་ཉམས་ཅན།,dzE nyam txen
རིང་པོ།,riq po
ཐུང་ཐུང་།,cuq cuq
གློག་གི།,log gi
static,བརྟན་པོ།,Ten po
སྒུལ་ཤུགས་ལྡན་པའི།,gul xug Cen pI
རྫོགས་པ།,dzog pa
beginning,འགོ་འཛུགས་པ།,go dzug pa
འབྲིང་བ།,diq wa
སྐྱིད་པོ་གཏོང་རུང་བ།,kyi po Toq ruq wa
ལྷུག་ལྷུག,lhug lhug
རེ་བ་བྱས་པ།,rE wa djE pa
ཧ་ལས་དགོས་པའི།,ha le goe  pi
གོ་གནས་སྤར་བ།,go ne par wa
ཕྱི་ཡི།,txhi yi
ནང་གི,naq gi
རྫུན།,dzun
བདེན་པ།,Cen pa
ཚད་གཞི།,tshe ji
རྫུན་མ།,dzun ma
བཅོས་མ།,txoe ma
རང་བཞིན་གྱིས།,raq jin gi
སྟོབས་ཤུགས།,Tob xug
སྐྱོ་པོ།,kyo po
ཆུ་རྒྱུག་རྒྱུག,txhu gyug gyug
ལས་དང་པོ་བ།,le Caq po wa
ཟ་རུང་།,za ruq
ཟ་མི་རུང་བ།,za mi ruq wa
བརླགས་པ།,lag pa
རྙེད་པ།,nyE pa
ཆག་ཉེན་ཅན།,txhag nyEn txen
བརྟན་པོ།,Ten po
རང་དབང་།,raq waq
སོས་པ།,soe pa
kind,བཟང་པོ།,zaq po
གད་མོ་བྲོ་པོ།,ge mo do po
བ་སྤུ་ཟིང་ཟིང་།,ba pu ziq ziq
རབ་རིབ།,rabrib
སྤྱིར་བཏང་གི,txi Taq gi
བྱེ་བྲག་པ།,dje dag pa
ཕན་ཐོགས་ཅན།,phen Thogpa
གནོད་འཚེ་ཅན།,No tshE txen
བརྗིད་ཉམས་ཅན།,dji nyam txen
ངེས་མེད་ཀྱི།,qE mE kyi
ལམ་ལུགས་ཀྱི།,lam lug kyi
དམ་པོ།,Cam po
སྤུ་ཅན།,pu txen
སྤུ་མེད།,pu mE
སྐྱིད་པོ།,kyi po
ཡིད་སྐྱོ་བ།,yi kyo wa
ཁྲོ་བ།,tho wa
མགོ་འཐོམ་པ།,go com pa
བཟོད་སྲན་ཅན།,zo sren txen
ཞི་འཇམ་ཅན།,ji djam txen
རྒོད་པོ།,goe po
མཁྲེགས་པོ།,thrEg po
སོབ་སོབ།,sob sob
མཁྲེགས་རྡོག,thrEg Cog
གཤེར་གཟུགས་ཅན།,xeR zug txen
རླངས་གཟུགས་ཅན།,laq zug txen
སྙིང་ཐག་པའི།,nyiq cag pi
ཤེད་གཟུགས་ཅན།,xE zug txen
སྤུས་ཚད།,pu tshe
མཐོ་པོ།,co po
དམའ་བོ།,ma po
སྤར་བ།,paR wa
གསོད་པ།,soe pa
ཚ་པོ།,tsha po
ཧ་ཅང་གྲང་མོ།,ha txaq daq mo
ལྟོགས་པ།,Tog pa
སྐོམ་པ།,kom pa
མཐའ་མ།,ca ma
ཕྱི་པོ།,txhi po
སྔ་པོ།,qa po
གལ་གནད་ཅན།,gal Ne txen
སྐད་སྒྲ་ཆེན་པོ།,ke da txhEn po
ཁ་ཁུ་སིམ་པོ།,kha khu sim po
གཞི་རྩའི།,ji tsai
རིམ་པ་གཉིས་པ།,rim pa nyi pa
གཙོ་བོ།,tso wo
བར་མཚམས་མེད་པའི།,baR tsham mE pi
གྲ་སྒྲིག,da dig
དོག་པོ།,Cog po
གུ་ཡངས་པོ།,gu yaq po
དགོས་གནད་ཅན།,goe Ne txen
ཁྲིམས་འགལ་གྱི།,thim gal gi
ལྡོག་ཕྱོགས།,Cog txhog
ཁ་གཏད།,kha Te
ཡང་བསྐྱར།,yaq kyaR
དཀྱུས་མ།,kyu ma
མངོན་དུ་མ་གྱུར་པའི།,qon Cu ma gyuR pi
སྲིད་པ།,si pa
འབྱུང་སྲིད་པའི།,djuq si pi
འབྱུང་མི་སྲིད་པ།,djuq mi si pi
ཏག་ཏག,Tag Tag
ནོར་བ།,noR wa
ཉེན་ཁ་མེད་པ།,nyEn kha mE pa
ཡ་མཚན་པོ།,ya tshen po
སྔ་རབས་ཀྱི།,qa rab
washy,རློན་པ།,lon pa
ཡོངས་རྫོགས།,yoq dzog
བེད་སྤྱོད་ཅན།,bE txoe txen
བསམ་བློའི།,sam loi
གཟུགས་པོའི།,zug poi
ཆོས་ཀྱི།,txhoe kyi
འདམ་ཀའི།,Cam kai
ཉེ་བར་མཁོ་བ།,nyE bar kho wa
མཐར་སྐྱེལ་བྱེད་པ།,caR kyEl djE pa
ལད་ཟློས་བྱེད་པ།,le Coe bjE pa
རན་པོ་བཟོ་བ།,ren po zo wa
སྣོན་པ།,Non pa
སྙོམ་སྒྲིག་བྱེད་པ།,nyo dig dje pa
སློབ་སྟོན་བྱེད་པ།,lob Ton djE pa
ཕྱོགས་སྡོམ་རྒྱག་པ།,txhog Com gyag pa
མོས་མཐུན་བྱེད་པ།,mo cun djE pa
རེས་མོས་བྱེད་པ།,rE mo djE pa
ངོས་ལེན་བྱེད་པ།,qo lEn djE pa
རོབ་རྩིས་ཀྱི།,rob tsi kyi
འདྲི་བ།,di wa
ཡིན་ཤག་བྱེད་པ།,yin xag djE pa
མཐུད་པ།,cu pa
འབད་པ།,bE pa
བཅར་བ།,txaR wa
དོ་སྣང་བྱེད་པ།,Co naq djE pa
གཉིད་ལས་སློང་བ།,nyi le lOq wa
རྒྱ་མ།,gya ma
ཡིན་པ།,yin pa
ཡི་ཆེས།,yi txhE
བཀུག་པ།,kug pa
ཕན་ཐོགས་པ།,phen cog pa
བསྲེ་བ།,sre wa
གཡར་བ།,yaR wa
འཕར་བ།,phaR wa
བཅག་པ།,txag pa
རྩིག་པ།,tsig pa
སྤྲོ་བ་སྐྱེད་ཕྱིར་ཀློག་པ།,to wa kye txhiR lOg pa
up,དྲོ་བོ་གྱོན་པ།,do po gyon pa
ཉོ་བ།,nyo wa
སྐད་གཏོང་བ།,kye Toq wa
འཁྱེར་བ།,khER wa
འཛིན་པ།,dzin pa
སྡེ་ཚན་དུ་དབྱེ་བ།,CE tshen Cu yE wa
རྒྱུ།,gyu
འགྱུར་བ།,gyuR wa
ཞིབ་བཤེར།,jib xER
མུ་མཐུད།,mu cu
གཞོག་པ།,jog pa
འདམ་པ།,Cam pa
བཙབ་པ།,tsab pa
གྲལ་རིམ་དུ་དབྱེ་བ།,dal rim Cu yE wa
གཙང་མ།,tsaq ma
འཛེག་པ།,dzEg pa
འདྲ་པོ་བཟོ་བ།,da po zo wa
འདུ་བ།,Cu wa
ཡོང་བ།,yoq wa
བརྩི་བ།,tsi wa
འབྲེལ་བ་བྱེད་པ།,dEl wa djE pa
དགའ་བསུ་ཞུ་བ།,ga su ju wa
བསམ་བློ་གཏོང་བ།,sam lo Toq wa
བརྩི་བ།,tsi wa
གས་ཆག་ཤོར་བ།,ge txag xoR wa
འཕྱེ་བ།,txE wa
གཡོག་པ།,yOg pa
བཟོ་བ།,zo wa
རྒལ་བ།,gal wa
ཞབས་བྲོ།,jab do
ཐག་གཅོད་པ།,cag txoe pa
ཕྱིར་བཤོལ།,txhiR xol
སྐྱེལ་བ།,kyEl wa
དངོས་སུ་སྟོན་པ།,qo su Ton pa
འཇུ་བ།,dju wa
དབྱེ་བ།,yE wa
རི་མོ་འབྲི་བ།,ri mo di wa
རྨི་ལ་རྨི་བ།,mI lam mI wa
འཐུང་བ།,cuq wa
ཐིགས་པ་རྒྱག་པ།,cig pa gyag pa
སྣུམ་འཁོར་གཏོང་བ།,Numkhor Toq wa
སྐྱུར་བ།,kyuR wa
རྔ་རྡུང་བ།,qa Cuq wa
ཟ་བ།,za wa
བྱེད་པ།,djE pa
ཆུ་འཐེན་པ།,txu cEn pa
ནུས་ཤུགས་སྟེར་བ།,nu xug TER wa
དོ་སྣང་སྤྲོད་པ།,Co naq toe pa
འཛུལ་བ།,dzul wa
བརྩི་བ།,tsi wa
བརྗེ་བ།,djE wa
ཐོན་སྒོ།,con go
རེ་བ་བྱེད་པ།,rE wa djE pa
འགྲེལ་བཤད་བྱེད་པ།,dEl xE djE pa
འཚོལ་ཞིབ་བྱེད་པ།,tshol jib djE pa
རྒྱས་སུ་གཏོང་བ།,gye su Tong wa
ལྷུང་བ།,lhuq wa
འཆར་བ།,txaR wa
ཟས་སྤྲོད་པ།,ze toe pa
ཚོར་བ།,tsoR wa
འགེང་པ།,gEq pa
stuff out,དོན་དག་གསལ་པོ་བཟོ་བ།,Con dag sal po zo wa
རྙེད་པ།,nyE pa
ལྡིང་བ།,Ciq wa
རྒྱུག་པ།,gyug pa
འདུ་གནས།,Cu NE
རྗེས་སུ་འབྲང་བ།,djE su daq wa
བརྗེད་པ།,djE pa
ཁ་གྱེས་པ།,kha gyE pa
གཟུགས།,zug
གསར་དུ་རྙེད་པ།,saR Cu nyE pa
དོགས་པ།,Cog pa
མ་རྩ་གཏོང་བ།,ma tsa Toq wa
འདུ་བ།,Cu wa
ཐོབ་པ།,cob pa
དབུགས་གཏོང་བ།,wug Toq wa
སྤྲོད་པ།,toe pa
འགྲོ་བ།,do wa
གློ་བུར་དུ་འཛིན་པ།,lo buR Cu dzin pa
གནང་བ་སྤྲོད་པ།,Naq wa toe pa
ངོས་ལེན་མི་བྱེད་པ།,qo lEn mi djE pa
ཁོང་དུ་ཆུད་པ།,khoq Cu txu pa
སྔོ་རྩྭ་ཟ་བ།,qo tsa za wa
སྡེ་ཚན་སྒྲིག་པ།,CE tshen dig pa
འཚར་བ།,tshaR wa
ལམ་སྟོན་བྱེད་པ།,lam Ton djE pa
ཡོད་པ།,yo pa
ཐོས་པ།,coe pa
རོགས་པ་བྱེད་པ།,rog pa djE pa
བཟུང་བ།,zuq wa
ཁྱི་ར་བརྒྱག་པ།,khi ra gyag pa
ཚོད་དཔག་བྱེད་པ།,tshoe pag djE pa
ཁོངས་སུ་འཚུད་པ།,khoq su tsu pa
འདུས་གྲུབ་བྱེད་པ།,Cu dub djE pa
འདུན་པ་བྱེད་པ།,Cun pa djE pa
གོ་དོན་འགྲེལ་བ།,go Con dEl wa
ངོ་སྤྲོད་བྱེད་པ།,qo toe djE pa
འཚུད་པ།,tsu pa
ཚོགས་ཞུགས་བྱེད་པ།,tso jug djE pa
མཆོང་བ།,txhoq wa
ཉར་བ།,nyaR wa
ཤེས་པ།,xE pa
གད་མོ།,ge mo
down,སྙལ་བ།,Nyel wa
འགོ་ཁྲིད་པ།,go thi pa
སྦྱོང་བ།,djoq wa
ཐོན་པ།,con pa
འདེགས་པ།,Ceg pa
སྣང་བ་འགྲོ་བ།,Naq wa do wa
ཉན་པ།,nyen pa
སྡོད་པ།,Co pa
ལྟ་བ།,Ta wa
དགའ་པོ་བྱེད་པ།,ga po djE pa
རྒྱུན་མཐུད་པ།,gyun cu pa
བཟོ་བ།,zo wa
སྟངས་འཛིན་བྱེད་པ།,Taq dzin djE pa
ཞིབ་འཆར་འགོད་པ།,jib xER goe pa
ཕུལ་བྱུང་།,phul djuq
ཚད་འཇལ་བ།,tshe djal wa
སེམས་གཏོད་པ།,sEm Toe pa
འདྲ་གཟུགས་བཟོ་བ།,da zug zo wa
གཡོ་སྒུལ།,yO gul
སྒྱུར་བ།,gyuR wa
ཁ་ལོ་སྒྱུར་བ།,kha lo gyuR wa
དགོས་པ།,goe pa
དགག་པ་རྒྱག་པ།,gag pa gyag pa
notice,ཐོ་རྒྱག་པ།,co gyag pa
གྲུ་སུག་རྒྱག་པ།,du sug gyag pa
གོ་སྒྲིག་བྱེད་པ།,go dig djE pa
དབང་དུ་སྡུད་པ།,waq Cu Cue pa
མཉམ་ཞུགས་བྱེད་པ།,nyam jug djE pa
འགུལ་སྐྱོད་བྱེད་པ།,gul kyoe djE pa
འཐོར་བ།,coR wa
བླུག་པ།,lUg pa
སྨོན་ལ་རྒྱག་པ།,mMon lam gyag pa
ཁུངས་སྐྱེལ་བ།,khuq kyEl wa
འབུད་རྒྱག་གཏོང་བ།,bu gyag Toq wa
སྙོབ་པ།,Nyob pa
ཀློག་པ།,log pa
འབྱོར་བ།,djoR wa
ཉུང་དུ་གཏོང་བ།,nyuq Cu Toq wa
གློད་པ།,loe pa
དྲན་པ།,den pa
སེལ་བ།,sEl wa
གཡར་གླ།,yaR wa
བསྐྱར་ཟློས་བྱེད་པ།,kyaR Coe djE pa
རེ་སྐུལ་བྱེད་པ།,re kul djE pa
གུས་ཞབས་བྱེད་པ།,gu jab djE pa
ལན་འདེབས་པ།,len Ceb pa
ངལ་གསོ།,qal so
བསྐྱར་འགོ་འཛུགས་པ།,kyaR go dzug pa
བསྐྱར་གསོ་བྱེད་པ།,kyaR so djE pa
སླར་མུ་མཐུད་པ།,laR mu cue pa
ཕྱིར་ལོག་པ།,txhiR log pa
ཕྱིར་འཁོར་བ།,txhiR khoR wa
བསྐྱར་དཀྲི་བ།,kyaR ti wa
སྐོར་བ།,koR wa
འདོད་པ་སྐོང་བ།,Coe pa koq wa
རབ་གནས་གནང་བ།,rab Ne Naq wa
སྐྱོབ་པ།,kyob pa
ལབ་པ།,lab pa
འཚོང་བ།,tshoq wa
གཏོང་བ།,Toq wa
སྒྲིག་པ།,dig pa
གྲིབ་མདངས་རྒྱག་པ།,dib dhaq gyag pa
བགོ་བཤའ་རྒྱག་པ།,go xa gyag pa
གཞས་གཏོང་བ།,je Toq wa
སྡོད་པ།,Coe pa
ལང་བ།,laq wa
འགོ་འཛུགས་པ།,go dzug pa
གནས་སྡོད་བྱེད་པ།,Ne Coe djE pa
གོམ་པ་སྤོ་བ།,gom pa po wa
བསམ་མནོ་གཏོང་བ།,sam No Toq wa
ཐབས་ཤེས་བྱེད་པ།,cab xE djE pa
སྒྱུར་བ།,gyuR wa
ཧ་གོ་བ།,ha go wa
དུས་བསྟུན་ཁ་གསབ་བྱེད་པ།,Cu Tun kha sab djE pa
བེད་སྤྱོད་པ།,bE txoe pa
བདེན་དཔང་བྱེད་པ།,Cen paq djE pa
འདར་འགུལ་རྒྱག་པ།,CaR kul gyag pa
སྒུག་པ།,gug pa
for,ཆེད་དུ་སྒུག་པ།,txhE Cu gug pa
གོམ་པ་རྒྱག་པ།,gom pa gyag pa
འཁྱམ་པ།,khyam pa
དགོས་པ།,goe pa
འཁྲུད་པ།,thu pa
ལྟ་བ།,Ta wa
དབང་ཆར་སྤྱོད་པ།,waq txaR toe pa
ལས་ཀ་བྱེད་པ།,le ka djE pa
འབྲི་བ།,di wa
ཨ་སྟོང་རྒྱག་པ།,aa toq gyag pa
ཐོན་སྐྱེད་འབབ་པ།,con kE bab pa
གྲུབ་འབྲས།,dub de
འབད་པ།,be pa
སྨན་བཅོས།,mMen txoe
བསྔོ་བ།,qo wa
ཚར་བ།,tsaR wa
སྟོན་ཐོག,Ton cog
སྒྲིལ་བ།,dil wa
དབྱིབས།,yib
འོད་འཕྲོ་བ།,hhoe tho wa
འཚོང་ཁང་།,tshoq khaq
ཉལ་བ།,nyal wa
དྲི་མ།,dima
སློབ་སྦྱོང་།,lob djoq
བྲོ་བ།,do wa
ཚོད་ལྟ།,tsoe Ta
སྡེབ་པ།,deb pa
རིམ་གྱིས་འབྱུང་བ།,rim gyi djuq wa
རུ་སྒྲིག་པ།,ru dig pa
བཟོ་སྐྲུན་བྱེད་པ།,zo tun djE pa
ལོངས་སུ་སྤྱོད་པ།,loq su tsoe pa
དཡུག་པ།,yuk pa
གཟུགས་བརྙན་འཆར་བ།,zug nyen txhaR wa
སྔུར་བ།,nguR wa
དགའ་རོགས། བུ,ga rog bu
དགའ་རོགས། བུ་མོ།,ga rog bu mo
ཁྱོ་ག།,kyo ga
ཆུང་མ།,txhuq ma
ཨ་མ།,aa ma
ཨ་ཕ།,aa pha
ཨ་མ་ལགས།,aa ma lag
པ་ལགས།,pa lag
ཨ་ནེ།,aa nE
རྩོམ་པ་པོ།,tsom pa po
ཕྲུ་གུ།,thu gu
རྒན་པ།,gen pa
ཅོ་ཅོ།,txo txo
ཕ་མ།,pha ma
བྱིས་པ།,dji pa
ཕ་མ་སྤུན་ཕྲུག,pha ma pun thug
ཚ་མོ།,tsa mo
ཚ་བོ།,tso wo
རྒན་པ།,gen pa
ཕོ།,pho
མོ།,mo
སྐྱེས་པ།,kE pa
སྐྱེས་མ།,kE ma
རླུང་།,luq
དུད་འགྲོ།,Cu do
གྲོག་མ།,dog ma
དཔུང་པ།,puq pa
དྲི་ཞིམ་པོ།,di jim po
གོ་ཐལ།,go cal
comet,སྐར་ཕྲན།,kaR then
རྡུལ་ཕྲན།,Cul then
མཚོ་ངོགས།,tso qog
མཆུ་ཏོ།,tshu To
དོམ།,Com
རྒྱ།,gya
གཅན་གཟན།,tsen zen
སྦྲང་བུ།,daq bu
ལྟོ་བ།,To wa
རླུང་།,luq
ཤོག་པ།,xog pa
མངལ།,qal
ལུམ་འབྲས།,lum de
བྱ།,dja
འཇག་མ་གི་ལི།,djag ma gi li
འབུ་སྐྱོགས་ལྟོ།,bu kyog To
སེམས།,sEm
རྣམ་ཤེས།,nam xE
གཟུགས་པོ།,zug po
བློ་ཁོག,lo khog
ཀླད་པ།,le pa
རུས་པ།,ru pa
ཁྲག,thag
འབུ་སྲིན།,bu sin
སྲིན་འབུ།,sin bu
ཕྱེ་མ་ལེབ།,txhE ma leb
སྤྱང་ཀི།,txaq ki
བསེར་བུ།,sER bu
ཞི་མི།,ji mi
སྦུབས་ཕྲན།,bub then
རྫས་སྦྱོར་གྱི།,dze djoR gi
བྲག་གཡང་།,dag yaq
སྤྲིན་པ།,tin pa
ཉེ་འདབས་ཀྱི་སྤྱང་ཀི།,nyE Cab ki txaq ki
ཕོ་རོག,pho rog
elk,ཤ་བ།,xa wa
བྱེ་ཐང་།,djE caq
བཙོག་པ།,tsog pa
གྲིབ་མ།,dib ma
ནག་ཁུང་།,nag khuq
སྐྱ་རེངས།,kya rEq
ཉིན།,nyin
ཉིན་དགུང་།,nyin guq
ཉིན་མོའི་རྨི་ལམ།,nyin moI mMi lam
ཁྱི།,khyi
ཕུག་རོན།,phug ron
སྲོད།,soe
hawk,བྱ་རྒོད།,dja goe
འུག་པ།,hhug pa
ཨམ་ཅོག,am txog
ས།,sa
སྒོ་ང་།,go qa
ས་བོན།,sa bon
ལྕོང་མོ།,txoq mo
རྩི་ཤིང་།,tsi xiq
ཤིང་སྡོང་།,xiq Coq
ཤིང་ཕྲན།,xiq then
ཆུ།,txhu
གཙང་ཆུ།,tsaq ma
གྲུ་མོ།,du mo
ལྟིག་གཞོག,Tig jog
ལག་ལེན་བསྟར་བ།,lag len TaR wa
མིག,mig
རྫི་མ།,dzi ma
སྡོད་རྩ།,Coe tsa
མཛུབ་མོ།,dzub mo
གདོང་པ།,Coq pa
season,ནམ་དུས།,nam Cue
རྐང་པ་དག,kaq pa dag
མེ།,mE
ཉ།,nya
མེ་རླབས།,mE lab
མེ་ཏོག,mE Tog
འཕུར་བ།,phuR wa
རྐང་པ།,kaq pa
ནགས་ཚལ།,nag tshal
ཤིང་ཏོག,xiq Tog
རླངས་གཟུགས།,laq zug
ཉ་སྐྱོགས།,nya kyoq
རྩྭ།,tsa
རླུང་འཚུབ།,luq tshub
སེར་བ།,sEr wa
སྐྲ།,ta
ལག་པ།,lag pa
རི་བོང་།,ri boq
མགོ།,go
མཇུག་མ།,djug ma
སེམས་པ།,sEm pa
groundhog,ཟེར་མོ།,zER mo
རི།,ri
གནམ་གྱི་མཐའ་མཚམས།,Nam gyi ca tsham
འཁྱགས་པ།,khyag pa
མཚོ།,tsho
ས་ཆ།,sa txha
ལོ་མ།,lo ma
རྐང་པ།,kaq pa
མཆུ་ཏོ།,txhu To
རྩངས་པ་ཁ་རལ།,tsaq pa kha ral
གཟའ་ཆེན་མིག་དམར།,za txhEn mig mMaR
འཛམ་གླིང་།,dzam liq
གཟའ་ཆེན་པ་སངས།,za txhEn pa saq
གཟའ་ཆེན་སྤེན་པ།,za txhEn pEn pa
way galaxy,དགུ་ཚིགས་ཁྱིམ་རྒྱུད།,gu tsig khim gyu
ཟླ་བ།,Ca wa
ཉི་མ།,nyima
སྐར་མ།,kaR ma
རྒྱུ་སྐར།,gyu kaR
ལྕགས།,txag
རྒྱ་མཚོ།,gya tso
གངས་རི།,gaq ri
ཁ།,kha
མཇིང་པ།,djiq pa
སྣ།,Na
བསྟར་ཀ།།,TaR ka
space,ཕྱི་རིམ་བར་སྟོང་།,txhi rim baR Toq
རྫིང་བུ།,dziq bu
ཆར་པ།,txhaR pa
རྒྱ་ལམ།,gya lam
བྲག་རྡོ།,dag Co
mouse,ཙི་ཙི།,tsi tsi
བྱེ་མ།,djE ma
ཁྱིའི་ཟུག་སྐད།,khI zug ke
འཐམ་པ།,cam pa
འོ།,hho
དཔེ་ཁུག,pE khug
སྤོ་ལོ།,po lo
གྲུ།,du
དེབ།,Ceb
ཤེལ་དམ།,xEl Cam
ཕོར་པ།,phoR pa
སྒམ།,gam
བག་ལེབ།,bag leb
ཟོམ།,zom
པར་ཆས།,par txhe
ལོ་ཐོ།,lo co
ཆུ་ཚོད་འཁོར་ལོ།,txhu txoe khoR lo
སྣོད།,Noe
ཕྱུ་ར།,txhu ra
བྱ་ཤ།།,dja xa
གླང་ཤ།,laq xa
ཕོར་པ།,phoR pa
plate,སྡེར་མ།,CER ma
ཚིག་མཛོད།,tsig dzoe
སྒོ།,go
རྔ་།,qa
སྒྲ་སྙན།,da Nyen
གློག་དཔྱད་རིག་གནས།,log txe rig Ne
ཀ་ལའི་མགོ,ka laI go
གླིང་བུ།,liq bu
ཁ་ལག།,kha lag
ཤེལ་ཕོར།,xEl phoR
ཁང་པ།,khaq pa
ཤ།།,xa
འོ་མ།,hho ma
སྙོམས་ངོས།,Nyom qoe
སྒོར་སྒོར།,gor gor
གྲུ་གསུམ།,du sum
གྲུ་བཞི།,du ji
གྲུ་བཞི་ནར་མོ།,du ji naR mo
ཐིག,cig
ཚངས་ཐིག,tsaq cig
གུག་གུག,gug gug
ཕྱོགས།,txhog
མགྱོགས་ཚད།,gyog tse
འབྱུང་ཁུངས།,djuq khuq
དམིགས་ས།,mig sa
རྐང་འཁོར།,kaq khoR
རླབས།,lab
གཅུས་སྒྲིམ་ཅན།,txu dim txen
རྒྱང་ཐག,gyaq cag
མཐའ།,ca
ངོས།,qoe
ཕྱིའི་རྣམ་པ།,txhi Nam pa
མཐོ་ཚད།,co tse
ཁ་ཞེང་།,kha jEq
ཉེ་འདབས།,nyE Cab
འདྲ་མཚུངས་ཀྱི།,da tsuq ki
ཐད་ལངས།,ce laq
གོ་གནས།,go Ne
ཚད་གཞི།,tse ji
proportion,སྡུར་ཚད།,CuR tse
ཨ་ལོང་།,aa loq
དབྱིབས།,yib
ནུས་པ།,nue pa
སྙོམས་སྒྲིག,Nyom dig
ད་ལྟ།,Ca Ta
རེས་མོས་ཀྱི།,rE moe kyi
དངུལ་འབོར།,qul bor
ལན།,len
རོབ་རྩིས་ཀྱི།,rob tsi ki
སྔོན་གྱི།,qon gi
རྗེས་མ།,djE ma
གནས་སྟངས།,Ne Taq
ཡིན་ཤག,yin xag
དམིགས་གཏད།,mMig sal
དོ་སྣང་།,Co Naq
རྨང་གཞི།,mMaq ji
སྤྱོད་ལམ།,txoe lam
ཡིད་ཆེས།,yi txE
ཕན་ཐོགས་པ།,phen cog pa
ཅུང་ཟད།,txuq ze
དུམ་བུ།,Cum bu
བཅག་པ།,txag pa
འཁྱེར་བ།,khER wa
མེ་ཁུང་།,mE khuq
འཚིག་པ།,tshig pa
ཤོང་ཚད།,xoq tshe
སྡེ་ཚན།,CE tshen
ཨར་འདམ།,aaR Cam
ཞིབ་བཤེར།,jib xER
འགྱུར་བ།,gyuR wa
གཤིས་ཀ,xi ka
འདམ་ང།,Cam qa
ཆམ་པ།,txham pa
ལྟ་ཚུལ།,Ta tsul
གནས་སྟངས།,Ne Taq
བཀྲ་ཤིས་བདེ་ལེགས།,ta xi CE lEg
འབྲེལ་བ།,dEl wa
སྣོད།,Noe
ཕྱི་སྐོགས།,txhi kog
བག་ཕེབས།,bag phEb
སེར་ཁ།,sER  kha
པྲོག་ཞུ།,tog ju
ཐག་གཅོད།,cag txoe
རྒྱན་བཀོད།,gyen koe
མཐུག་པོ།,cug po
གཏིང་།,Tiq
དོགས་པ།,Cog pa
ངེས་ཅན།,qE txen
ཆུ་འཐེན་པ།,txhu cEn pa
རྨི་ལམ།,mMi lam
འཐུང་བ།,cuq wa
འཛག་པ།,dzag pa
སྣུམ་འཁོར་གཏོང་བ།,Num khoR Toq wa
སྐུལ་ཤུགས།,kul xug
འབྲས་བུ།,de bu
ནུས་པ།,nu pa
ཁོར་ཡུག།,khoR yug
ཚོད་དཔག,tshoe pag
ཁྱད་ཆོས།,khe txhoe
ཞལ་ལ།,jal la
ཤུགས།,xug
གྲོགས་པོ།,dog po
མདུན་དུ།,Cun Cu
སྐྱིད་ཚོར།,ki tsoR
མ་འོངས།,ma hhoq
རྩེད་མོ།,tsE mo
བར་སྟོང་།,baR Toq
བརྡ་སྟོན།,Ca Ton
དམིགས་ཡུལ།,mMig yul
བརྡ་སྤྲོད།,Ca toe
ཐང་།,caq
ཚོགས་པ།,tsog pa
ལམ་སྟོན་པ།,lam Ton
གོམས་གཤིས།,gom xi
ཚ་དྲོད།,tsa doe
གོ་བརྡ།,go Ca
ཁྱིམ།,khim
རེ་བ།,rE wa
ཆུ་ཚོད།,txu tsoe
མི།,mi
རྣམ་དག,Nam Cag
འཁྲུལ་གཟུགས།,thul zug
གནས་ཚུལ།,Ne tsul
དྲག་ཚད།,dag tse
འདུན་པ།,Cun pa
དང་ཞེན།,Caq jEn
ཀྱལ་ཀ,kyal ka
ཤིང་ཏོག་ཁུ་བ།,xiq Tog khu wa
ཡོན་ཏན།,yon Ten
སྐད་ཡིག,ke yig
ཡི་གེ,yi gE
མི་ཚེ།,mi tsE
འོད།,hhoe
ཚད།,tshe
ཐོ་གཞུང་།,co juq
བརྩེ་དུངས།,tsE Cuq
ཆང་ས།,txhaq sa
བོངས་ཚད།,boq tse
དངོས་པོ།,qoe po
དྲན་པ།,den pa
དྲན་ཤེས།,den xE
སེམས།,sEm
སྐར་མ།,kar ma
མ་དཔེ།,ma pE
དངུལ།,qul
གྲྭ་བ།,da wa
ཟླ་བ།,Ca wa
ཟླ་བ།,Ca wa
ཀུན་ནས་སློང་བའི་བྱ་སྤྱོད།,kun ne loq wi dja txoe
འདམ་བག,Cam bag
དོག་པོ།,Cog po
རང་བཞིན།,raq jin
དགོས་མཁོ།,goe kho
དགོས་པ།,goe pa
ཚང་།,Xaq
དབང་རྩའི་བརྡ་རྫས།,waq tsai Ca dze
མཚན་མོ།,tshen mo
བྱང་ཕྱོགས་ཀྱི།,djaq txog ki
ལྷོ་ཕྱོགས་ཀྱི།,lho txog ki
ཤར་ཕྱོགས་ཀྱི།,xaR txog ki
ནུབ་ཕྱོགས་ཀྱི།,nub txog ki
ཨང་གྲངས།,aa daq
དབང་དུ་སྡུད་པ།,waq Cu Cu pa
piece,ཆ་ཤས།,txha xe
ཕྲ་རབ།,tha rab
འདས་པ།,Ce pa
ལམ།,lam
བར་མཚམས་དུས་ཐུང་།,baR tsam Cu cuq
ཆུ་རྡེའུ།,txu CE hhu
stack,ཕུང་གསོག,phuq sog
ས་གནས།,sa Ne
ནུས་པ་ཅན་གྱི།,Nue pa txen gi
ནུས་པ།,Nue pa
སྦྱོང་བརྡར།,djoq CaR
ད་ལྟ་བ།,Ca Ta wa
ཡིན་རུང་།,yin ruq
བྱ་བའི་རྒྱུད་རིམ།,dja wi gyu rim
ལས་རིམ།,le rim
སྒྲ་གདངས།,da Caq
དྲི་བ།,di wa
ཁ་ཁུ་སིམ་པོ།,kha khu sim po
རྒྱུ་མཚན།,gyu tsen
རིག་པ།,rig pa
འཕྲི་བ།,thi wa
གཟུགས་བརྙན།,zug Nyen
ཁང་མིག,khaq mig
གཉིས་པ།,Nyi pa
གྲིབ་ནག,dib nag
གོམ་པ།,gom pa
མི་གཡོ་བ།,mi yo wa
སྒྲུང་།,duq
རལ་གྲི།,ral di
ལམ་ལུག,lam lug
བཤད་པ།,xe pa
ཅ་ལག,txa lag
ཉོ་ཚོང་།,nyo tsoq
སྐད་ཅོར།,ke txoR
ཅོག་ཅོག་པ།,txog txog pa
རིན་ཐང་།,rin caq
སྐད།,ke
གྱང་།,gyaq
རྒྱལ་ཁ།,gyal kha
དད་པ།,Ce pa
བློ་ཁོག,lo khog
སྙེམ་ཚུང།,NyEm txhuq
བྱམས་པ།,djam pa
ངོ་མཚར།,qo tshaR
ཤིང།,xiq
བལ།,bal
ཚིག,tshig
ཪིན་ཐང་།,rin caq
ལོ།,lo
འགྲོས།,doe
འགྲོས་སྟངས།,doe Taq
བློ་སྟོབས་སྐྱེད་རུང་གི་བྱ་ལས།,lo Tob kE ruq gi dja le
སྐབས་དོན།,kab Con
བྲག་ཕུག,dag phug
འཇིག་རྟེན།,djig Ten
ཤ་མོ།,xa mo
ལྷ།,lha
གསར་བསྐྲུན།,saR tun
གནད་དོན།,Ne Con
མགོ་རྙོག,go Nyog
གཟའ་ཟླ་བ།,za Ca wa
གཟའ་མིག་དམར།,za mig maR
གཟའ་ལྷག་པ།,za lhagpa
གཟའ་ཕུར་བུ།,za phuR bu
གཟའ་པ་སངས།,za pa saq
གཟའ་སྤེན་པ།,za pEn pa
གཟའ་ཉི་མ།,za nyi ma
སྤྱི་ཟླ་དང་པོ།,txi Ca Caq po
སྤྱི་ཟླ་གཉིས་པ།,txi Ca nyi pa
སྤྱི་ཟླ་གསུམ་པ།,txi Ca sum pa
སྤྱི་ཟླ་བཞི་པ།,txi Ca ji pa
སྤྱི་ཟླ་ལྔ་པ།,txi Ca qa pa
སྤྱི་ཟླ་དྲུག་པ།,txi Ca dug pa
སྤྱི་ཟླ་བདུན་པ།,txi Ca Cun pa
སྤྱི་ཟླ་བརྒྱད་པ།,txi Ca gye pa
སྤྱི་ཟླ་དགུ་པ།,txi Ca gu pa
སྤྱི་ཟླ་བཅུ་པ།,txi Ca txu pa
སྤྱི་ཟླ་བཅུ་གཅིག,txi Ca txu txig
སྤྱི་ཟླ་བཅུ་གཉིས།,txi Ca txu Nyi
ཞི་བདེ།,ji CE
དགོངས་ཡངས།,goq yaq
you,ཐུགས་རྗེ་ཆེ།,cug djE txhE
re welcome,དགའ་བསུ་ཡོད།,ga su yoe
སྐུ་མཁྱེན།,ku khEn
དགོངས་པ་མ་འཚོམ།,goq pa ma tsom
གཅིག,txig
གཉིས།,Nyi
གསུམ།,sum
བཞི།,ji
ལྔ།,qaa
དྲུག,dug
བདུན།,Cun
བརྒྱད།,gye
དགུ།,gu
བཅུ།,txu
བཅུ་གཅིག,txu txig
བཅུ་གཉིས།,txu Nyi
